cbo;dit;fanin;fanout;lcom;noc;loc;rfc;wmc;totalMethodsQty;protectedMethodsQty;publicMethodsQty;privateMethodsQty;finalFieldsQty;protectedFieldsQty;publicFieldsQty;privateFieldsQty;bugs
5;1;0;5;250;0;470;38;37;36;0;36;0;1;0;0;1;0
5;2;4;5;34;0;57;15;15;12;0;12;0;2;0;1;2;0
15;3;2;15;13;0;176;31;30;6;0;6;0;0;0;0;2;0
5;2;2;5;0;0;46;4;12;6;0;6;0;0;0;0;3;0
6;1;0;6;15;0;42;11;6;6;0;6;0;0;0;0;0;0
8;1;1;8;0;0;153;23;15;15;0;14;1;0;0;0;1;0
2;4;0;2;0;0;9;0;1;1;0;1;0;0;0;2;0;0
8;2;2;8;7;0;93;20;19;10;1;9;0;2;0;1;2;0
0;3;0;0;0;0;6;0;1;1;0;1;0;1;0;0;1;0
5;7;2;5;0;0;66;23;13;7;1;6;0;0;0;0;2;0
4;2;6;4;0;0;184;30;38;22;0;22;0;3;0;2;6;0
3;1;0;3;15;0;44;8;7;6;0;6;0;0;0;0;0;0
2;1;1;2;0;0;2;0;0;0;0;0;0;0;0;0;0;0
4;1;11;4;157;8;154;27;41;26;2;22;2;1;1;0;8;0
11;2;1;11;67;0;149;17;34;22;0;20;2;1;0;0;6;0
10;1;1;10;19;0;73;15;7;7;0;7;0;1;0;0;1;0
6;2;3;6;10;1;20;4;7;5;1;4;0;1;0;0;1;0
10;3;0;10;0;0;111;29;18;13;0;11;2;1;0;0;3;0
1;1;6;1;3;0;5;0;3;3;0;0;0;0;0;0;0;0
4;1;0;4;3;0;39;12;3;3;0;3;0;0;0;0;0;0
4;1;3;4;0;0;105;26;28;15;0;13;2;3;0;2;5;0
15;1;1;15;0;0;57;21;9;6;0;5;1;0;0;0;1;0
4;1;2;4;0;0;44;8;11;7;0;7;0;2;0;0;2;0
4;1;0;4;10;0;48;12;5;5;0;5;0;0;0;0;0;0
2;2;2;2;182;0;77;0;21;21;0;21;0;0;0;0;10;0
3;1;0;3;1;0;15;4;3;2;0;2;0;0;0;0;0;0
4;1;2;4;0;0;64;5;15;9;0;9;0;5;0;0;5;0
9;2;1;9;786;0;361;27;84;49;0;47;2;1;0;0;19;0
52;1;1;52;2980;0;855;134;200;93;21;70;2;1;0;0;32;0
3;1;0;3;6;0;32;5;4;4;0;4;0;0;0;0;0;0
3;2;2;3;30;0;96;18;26;9;4;4;1;0;0;0;1;0
0;1;1;0;0;0;4;0;0;0;0;0;0;0;0;0;0;0
2;1;0;2;10;0;45;10;9;5;0;5;0;0;0;0;0;0
22;2;1;22;413;0;386;60;93;35;1;32;2;4;2;3;15;0
8;3;6;8;0;0;123;24;30;15;0;15;0;0;0;0;2;0
7;3;3;7;6;0;36;12;7;4;1;3;0;2;0;1;1;0
6;6;2;6;10;0;87;26;17;9;1;7;1;0;0;0;4;0
4;4;2;4;10;0;61;13;13;5;0;5;0;1;0;0;1;0
0;1;2;0;21;0;9;0;7;7;0;0;0;0;0;0;0;0
2;1;1;2;0;0;3;0;1;1;0;0;0;0;0;0;0;0
0;1;3;0;0;0;3;0;1;1;0;0;0;0;0;0;0;0
4;1;0;4;3;0;39;12;3;3;0;3;0;0;0;0;0;0
5;3;2;5;121;0;131;11;34;19;0;19;0;0;0;0;7;0
2;2;2;2;0;0;30;1;8;4;0;4;0;1;0;0;2;0
3;1;0;3;36;0;146;21;11;9;0;9;0;0;0;0;0;0
4;1;0;4;1;0;123;10;7;7;0;7;0;1;0;0;1;0
8;1;2;8;0;0;53;18;12;5;0;4;1;1;0;0;1;0
6;1;4;6;25;0;106;17;37;14;0;13;1;1;0;0;3;0
2;1;0;2;15;0;77;12;6;6;0;6;0;0;0;0;0;0
2;1;22;2;0;0;52;2;14;10;0;10;0;1;0;2;1;0
4;1;1;4;0;0;3;0;1;1;0;0;0;0;0;0;0;0
1;1;2;1;0;0;55;2;14;6;0;6;0;0;0;0;3;0
3;1;0;3;6;0;64;18;4;4;0;4;0;0;0;0;0;0
12;4;0;12;10;0;212;8;52;5;0;5;0;1;0;0;1;0
0;1;3;0;3;0;5;0;3;3;0;0;0;0;0;0;0;0
3;1;1;3;15;0;216;10;37;6;0;5;1;0;0;0;0;0
1;1;0;1;1;0;38;12;12;2;0;2;0;0;0;0;0;0
3;1;0;3;1;0;12;2;2;2;0;2;0;0;0;0;0;0
4;1;0;4;3;0;46;11;3;3;0;3;0;0;0;0;0;0
4;1;0;4;15;0;84;14;10;6;0;6;0;0;0;0;0;0
3;1;0;3;3;0;46;11;4;3;0;3;0;0;0;0;0;0
1;1;2;1;0;0;3;0;1;1;0;0;0;0;0;0;0;0
2;1;0;2;0;0;6;0;1;1;0;1;0;0;0;0;1;0
5;1;1;5;26;0;110;14;11;8;0;8;0;1;0;0;0;0
4;2;5;4;15;2;29;3;8;6;0;6;0;2;0;1;1;0
8;3;2;8;12;0;73;24;18;13;0;11;2;1;0;0;3;0
6;1;0;6;21;0;60;14;7;7;0;7;0;0;0;0;0;0
11;1;0;11;6;0;112;41;4;4;0;4;0;1;0;0;1;0
0;1;0;0;0;0;5;0;0;0;0;0;0;0;0;0;0;0
8;2;3;8;0;0;48;11;11;6;2;4;0;0;0;0;3;0
5;1;0;5;3;0;33;9;3;3;0;3;0;0;0;0;0;0
11;1;1;11;28;0;82;22;9;8;0;7;1;0;0;0;0;0
9;1;0;9;15;0;57;16;7;6;0;6;0;0;0;0;0;0
1;3;1;1;6;0;22;3;4;4;0;4;0;1;0;0;1;0
10;1;0;10;15;0;76;19;6;6;0;6;0;0;0;0;0;0
2;1;4;2;1;0;4;0;2;2;0;0;0;0;0;0;0;0
0;1;1;0;0;0;4;0;0;0;0;0;0;0;0;0;0;0
5;1;0;5;64;0;125;22;13;12;0;12;0;0;0;0;0;0
4;2;3;4;0;0;67;15;17;11;0;11;0;0;0;0;1;0
2;2;4;2;0;0;10;0;2;2;0;2;0;1;0;0;1;0
0;3;0;0;0;0;6;0;1;1;0;1;0;1;0;0;1;0
18;4;2;18;21;0;207;47;45;15;0;13;2;1;0;0;5;0
6;2;1;6;10;0;22;11;5;5;0;5;0;1;0;0;1;0
0;1;3;0;0;0;11;0;2;2;0;1;0;1;0;0;1;0
0;1;1;0;0;0;4;0;0;0;0;0;0;0;0;0;0;0
6;1;0;6;6;0;114;29;4;4;0;4;0;0;0;0;0;0
0;1;3;0;0;0;3;0;0;0;0;0;0;0;0;0;0;0
4;1;0;4;47;0;153;25;14;14;0;14;0;1;0;0;1;0
11;3;1;11;0;0;80;17;22;11;1;8;2;1;0;0;3;0
0;1;0;0;3;0;5;0;3;3;0;0;0;0;0;0;0;0
0;3;0;0;0;0;6;0;1;1;0;1;0;1;0;0;1;0
4;1;0;4;9;0;134;27;6;6;0;6;0;1;0;0;1;0
9;1;0;9;15;0;78;19;7;6;0;6;0;0;0;0;0;0
4;1;9;4;7;3;51;11;15;11;3;6;2;0;0;0;2;0
14;3;5;14;413;2;324;68;84;35;0;35;0;1;0;0;12;0
6;2;1;6;3;0;66;7;21;10;0;10;0;1;0;0;2;0
1;1;3;1;3;0;5;0;3;3;0;0;0;0;0;0;0;0
8;5;2;8;15;0;114;41;21;10;0;8;2;6;1;0;8;0
3;1;1;3;0;0;77;6;18;4;0;4;0;0;0;0;2;0
2;3;0;2;8;0;34;0;8;8;0;8;0;0;0;0;4;0
8;1;1;8;15;0;115;21;8;6;0;5;1;0;0;0;0;0
12;1;0;12;21;0;64;16;8;7;0;7;0;0;0;0;0;0
10;2;1;10;0;0;114;26;24;17;0;15;2;1;0;0;4;0
19;5;2;19;52;0;256;56;59;16;2;12;2;1;0;0;5;0
21;4;3;21;6;1;169;44;46;9;1;8;0;1;0;0;1;0
0;1;1;0;0;0;3;0;0;0;0;0;0;0;0;0;0;0
3;2;4;3;0;0;11;1;2;2;0;2;0;1;0;0;1;0
3;2;0;3;0;0;5;1;1;1;0;1;0;0;0;0;0;0
6;1;0;6;15;0;87;11;6;6;0;6;0;0;0;0;0;0
2;1;1;2;15;0;86;13;15;6;0;6;0;0;0;0;0;0
3;1;0;3;3;0;20;4;3;3;0;3;0;0;0;0;0;0
2;1;2;2;0;1;20;5;6;6;0;6;0;0;1;0;0;0
1;1;3;1;0;0;3;0;1;1;0;0;0;0;0;0;0;0
10;1;0;10;15;0;85;22;7;6;0;6;0;0;0;0;0;0
2;3;0;2;0;0;7;0;1;1;0;1;0;0;0;1;0;0
1;1;5;1;0;0;3;0;1;1;0;0;0;0;0;0;0;0
5;3;2;5;16;0;108;15;28;13;0;13;0;0;0;0;2;0
5;1;0;5;6;0;50;14;4;4;0;0;0;0;0;0;0;0
2;1;0;2;6;0;35;8;4;4;0;4;0;1;0;0;1;0
3;3;0;3;1;0;20;2;2;2;0;2;0;0;0;0;0;0
4;1;0;4;10;0;82;19;5;5;0;5;0;0;0;0;0;0
4;2;20;4;29;2;59;1;16;11;0;10;0;0;0;0;4;0
11;1;0;11;21;0;66;23;8;7;0;7;0;0;0;0;0;0
1;4;1;1;0;0;3;0;0;0;0;0;0;1;0;0;1;0
5;1;0;5;15;0;55;12;6;6;0;6;0;1;0;0;1;0
5;1;0;5;46;0;54;6;15;12;0;12;0;0;1;0;0;0
4;1;1;4;0;0;15;2;4;4;0;3;1;0;0;0;0;0
2;5;3;2;0;0;24;10;4;3;1;2;0;0;0;0;1;0
1;1;2;1;0;0;55;2;13;9;0;9;0;1;0;0;4;0
3;1;0;3;3;0;20;6;3;3;0;3;0;0;0;0;0;0
4;1;0;4;3;0;36;7;3;3;0;3;0;0;0;0;0;0
0;1;6;0;0;0;4;0;0;0;0;0;0;0;0;0;0;0
0;1;1;0;0;0;3;0;1;1;0;0;0;0;0;0;0;0
4;1;4;4;26;0;86;10;22;16;0;16;0;1;0;0;5;0
1;1;4;1;1;0;4;0;2;2;0;0;0;0;0;0;0;0
3;3;2;3;6;0;33;9;10;4;1;3;0;1;0;0;1;0
4;2;0;4;0;0;34;5;10;7;0;7;0;1;0;0;2;0
4;1;0;4;21;0;71;17;7;7;0;7;0;0;0;0;0;0
8;3;2;8;0;0;91;25;22;18;0;18;0;0;0;0;1;0
1;1;3;1;0;0;3;0;1;1;0;0;0;0;0;0;0;0
36;2;27;36;1045;18;777;147;167;54;11;42;1;1;0;0;12;0
2;1;0;2;6;0;27;6;4;4;0;4;0;1;0;0;1;0
0;4;5;0;0;0;32;8;5;5;0;5;0;0;0;0;2;0
0;3;0;0;0;0;6;0;1;1;0;1;0;1;0;0;1;0
15;1;1;15;0;0;55;19;8;5;0;4;1;0;0;0;1;0
2;1;0;2;0;0;6;0;1;1;0;1;0;0;0;0;1;0
8;2;1;8;0;0;54;22;12;9;0;7;2;1;0;0;1;0
0;1;3;0;0;0;4;0;0;0;0;0;0;0;0;0;0;0
10;1;56;10;11547;4;1140;108;316;159;7;150;2;11;0;8;49;0
18;4;2;18;24;0;118;31;33;9;0;8;1;1;0;0;2;0
18;3;2;18;245;0;281;72;65;30;2;26;2;1;0;0;12;0
7;1;0;7;3;0;131;35;3;3;0;3;0;0;0;0;0;0
3;1;0;3;10;0;93;18;5;5;0;5;0;0;0;0;0;0
0;2;0;0;1;0;15;1;6;2;0;2;0;0;0;0;0;0
5;1;18;5;17;0;122;4;33;19;0;19;0;7;0;1;6;0
18;2;1;18;433;0;412;99;92;38;1;35;2;0;0;0;13;0
0;1;1;0;0;0;4;0;0;0;0;0;0;0;0;0;0;0
6;1;2;6;0;0;94;26;20;9;0;7;2;2;0;0;3;0
3;1;2;3;0;0;59;6;14;6;0;6;0;1;0;0;4;0
2;3;1;2;15;0;60;9;12;7;0;7;0;4;0;3;3;0
7;1;4;7;11;0;230;55;57;23;0;23;0;2;0;0;5;0
4;1;0;4;6;0;60;18;4;4;0;4;0;0;0;0;0;0
5;3;4;5;54;0;106;18;29;20;0;20;0;0;0;0;2;0
2;3;0;2;6;0;20;0;5;5;0;5;0;0;0;1;2;0
10;3;2;10;22;0;53;11;11;9;0;9;0;0;0;0;6;0
25;2;2;25;0;0;337;85;87;31;2;29;0;1;0;0;4;0
14;5;1;14;8;0;133;32;21;8;0;6;2;0;0;0;1;0
2;1;0;2;3;0;28;7;3;3;0;3;0;0;0;0;0;0
2;1;1;2;3;0;5;0;3;3;0;0;0;0;0;0;0;0
3;1;18;3;15;0;8;0;6;6;0;0;0;0;0;0;0;0
4;1;8;4;3;0;5;0;3;3;0;0;0;0;0;0;0;0
2;2;8;2;0;0;10;0;2;2;0;2;0;1;0;0;1;0
2;1;193;2;3;0;97;35;8;3;0;3;0;0;0;0;0;0
14;4;2;14;30;0;179;29;37;17;0;15;2;1;0;0;5;0
21;6;2;21;86;0;260;65;60;16;1;13;2;1;0;0;3;0
15;1;1;15;34;0;129;28;9;9;0;8;1;1;0;0;1;0
5;1;46;5;0;0;98;17;25;15;0;13;2;2;0;0;5;0
19;3;2;19;251;0;368;50;77;30;0;28;2;4;0;3;13;0
3;1;0;3;3;0;33;4;3;3;0;3;0;0;0;0;0;0
1;1;7;1;16;0;122;8;28;8;0;8;0;2;0;0;7;0
5;1;1;5;26;0;116;14;11;8;0;8;0;1;0;0;0;0
1;2;1;1;0;1;6;0;1;1;0;1;0;1;0;0;1;0
1;3;1;1;9;0;37;6;9;7;0;7;0;4;0;4;1;0
4;1;0;4;10;0;76;19;5;5;0;5;0;0;0;0;0;0
2;1;0;2;3;0;28;4;3;3;0;3;0;0;0;0;0;0
5;1;0;5;10;0;50;13;5;5;0;5;0;0;0;0;0;0
19;4;2;19;46;0;284;33;46;12;0;9;3;1;0;0;2;0
5;1;0;5;1;0;38;5;3;3;0;3;0;2;0;0;2;0
6;2;2;6;0;0;54;4;14;9;0;9;0;1;0;0;4;0
2;1;0;2;6;0;35;8;4;4;0;4;0;0;0;0;0;0
7;1;5;7;36;0;120;12;32;9;0;9;0;0;0;0;0;0
4;1;0;4;15;0;78;14;10;6;0;6;0;0;0;0;0;0
16;5;9;16;706;6;443;88;118;45;6;37;2;1;0;0;12;0
8;2;3;8;0;0;106;29;29;19;0;19;0;1;0;0;2;0
1;1;3;1;0;0;57;4;15;9;0;9;0;1;0;0;3;0
1;1;2;1;0;0;3;0;1;1;0;0;0;0;0;0;0;0
5;1;1;5;78;0;124;23;13;13;0;9;4;0;0;0;0;0
7;4;2;7;0;0;110;29;27;22;0;20;2;0;0;0;1;0
1;1;1;1;3;0;5;0;3;3;0;0;0;0;0;0;0;0
2;1;0;2;3;0;29;5;3;3;0;3;0;0;0;0;0;0
8;1;1;8;1;0;27;9;3;3;0;2;1;0;0;0;1;0
10;2;1;10;150;0;153;37;41;28;1;27;0;0;0;0;2;0
5;1;6;5;0;2;113;19;24;13;5;8;0;4;0;0;6;0
0;1;5;0;28;0;41;0;38;8;0;8;0;0;0;0;0;0
7;2;2;7;58;0;155;39;44;17;0;17;0;0;0;0;4;0
0;2;1;0;1;0;32;0;2;2;0;2;0;24;0;24;0;0
0;1;0;0;0;0;5;0;0;0;0;0;0;0;0;0;0;0
0;1;1;0;0;0;3;0;0;0;0;0;0;0;0;0;0;0
5;1;0;5;33;0;123;15;13;11;0;11;0;1;0;0;2;0
2;1;1;2;24;0;121;48;28;8;0;3;5;1;0;0;2;0
15;4;2;15;63;0;193;42;35;23;0;21;2;6;0;5;9;0
2;1;0;2;3;0;17;3;3;3;0;3;0;0;0;0;0;0
4;1;0;4;6;0;37;5;4;4;0;4;0;0;0;0;0;0
1;1;4;1;0;0;3;0;1;1;0;0;0;0;0;0;0;0
4;1;7;4;1;0;52;12;16;7;0;7;0;1;0;0;2;0
9;1;0;9;4;0;87;25;5;5;0;5;0;1;0;0;1;0
2;1;0;2;0;0;81;16;7;4;0;4;0;1;0;0;1;0
1;1;8;1;3;0;5;0;3;3;0;0;0;0;0;0;0;0
4;2;2;4;0;0;55;6;15;9;0;9;0;0;0;0;2;0
6;4;2;6;0;0;89;22;23;16;0;16;0;1;0;0;2;0
14;1;0;14;36;0;159;43;9;9;0;9;0;0;0;0;0;0
11;1;8;11;315;5;230;43;55;38;10;24;4;1;0;0;8;0
3;1;0;3;3;0;20;6;3;3;0;3;0;0;0;0;0;0
4;1;0;4;6;0;24;6;4;4;0;4;0;0;0;0;0;0
9;2;11;9;0;9;59;5;17;9;2;7;0;0;0;0;2;0
9;3;1;9;0;0;140;32;30;12;2;10;0;0;0;0;1;0
4;2;3;4;25;1;69;11;20;11;0;11;0;1;1;0;1;0
4;2;2;4;19;0;25;5;7;7;0;7;0;2;0;1;1;0
3;1;0;3;9;0;89;12;6;6;0;6;0;1;0;0;1;0
5;1;0;5;9;0;73;16;7;6;0;6;0;0;0;0;0;0
3;1;0;3;6;0;52;16;4;4;0;4;0;0;0;0;0;0
2;1;2;2;0;0;3;0;1;1;0;0;0;0;0;0;0;0
0;1;0;0;0;0;5;0;1;1;0;1;0;0;0;0;0;0
2;1;3;2;0;0;57;8;16;9;0;9;0;1;0;0;3;0
1;1;4;1;15;0;8;0;6;6;0;0;0;0;0;0;0;0
2;1;0;2;0;0;6;0;1;1;0;1;0;0;0;0;1;0
2;1;0;2;21;0;72;9;7;7;0;7;0;0;0;0;0;0
3;1;0;3;89;0;226;19;26;14;0;14;0;1;0;0;1;0
2;1;0;2;0;0;12;3;1;1;0;1;0;0;0;0;0;0
24;2;1;24;1369;0;615;117;128;62;5;54;3;13;1;12;23;0
3;2;38;3;11;12;29;0;7;7;0;7;0;0;0;1;3;0
4;1;0;4;3;0;26;9;3;3;0;3;0;0;0;0;0;0
8;4;3;8;0;0;101;15;29;22;0;22;0;0;0;0;2;0
0;3;0;0;0;0;6;0;1;1;0;1;0;1;0;0;1;0
4;1;0;4;21;0;102;16;7;7;0;7;0;1;0;0;1;0
3;2;6;3;0;0;175;31;38;24;0;24;0;3;0;2;5;0
3;1;0;3;3;0;43;4;3;3;0;3;0;0;0;0;0;0
5;2;1;5;15;0;60;10;17;10;0;10;0;0;0;0;0;0
7;1;1;7;351;0;283;40;31;27;0;24;3;0;0;0;0;0
5;1;1;5;654;0;387;41;43;37;0;33;4;0;0;0;4;0
3;1;0;3;10;0;53;11;5;5;0;5;0;1;0;0;1;0
3;2;10;3;0;0;44;9;12;7;0;7;0;1;0;0;2;0
21;3;5;21;262;2;402;61;106;36;6;28;2;3;0;2;11;0
4;1;0;4;3;0;28;9;3;3;0;3;0;0;0;0;0;0
3;1;4;3;6;0;6;0;4;4;0;0;0;0;0;0;0;0
6;3;1;6;6;0;39;10;9;4;1;3;0;2;0;1;1;0
1;6;3;1;4;0;24;8;5;4;0;3;1;1;1;0;1;0
3;1;0;3;3;0;24;5;3;3;0;3;0;0;0;0;0;0
4;1;0;4;6;0;25;4;4;4;0;4;0;0;0;0;0;0
3;1;11;3;3;7;29;1;7;7;0;7;0;0;0;0;2;0
9;2;4;9;0;0;49;5;11;7;0;7;0;0;0;0;4;0
0;1;2;0;0;0;10;0;0;0;0;0;0;0;0;0;0;0
3;3;2;3;0;0;10;0;2;2;0;2;0;0;0;0;0;0
11;5;2;11;10;0;107;33;11;8;0;7;1;4;1;0;4;0
4;1;0;4;10;0;38;10;5;5;0;5;0;0;0;0;0;0
0;4;2;0;0;0;6;0;1;1;0;1;0;1;0;0;1;0
5;1;0;5;3;0;37;11;7;3;0;3;0;0;0;0;0;0
16;3;2;16;34;0;168;57;36;13;3;10;0;2;0;1;3;0
1;1;1;1;0;0;3;0;1;1;0;0;0;0;0;0;0;0
6;1;0;6;15;0;53;14;6;6;0;6;0;0;0;0;0;0
14;3;2;14;16;0;130;39;30;13;0;11;2;1;0;0;4;0
34;2;2;34;391;0;294;80;66;35;2;30;3;3;0;2;15;0
5;1;1;5;64;0;170;29;48;25;0;23;2;1;0;0;9;0
4;1;0;4;10;0;43;12;5;5;0;5;0;0;0;0;0;0
10;1;0;10;24;0;139;30;12;12;0;12;0;1;0;0;1;0
0;1;1;0;0;0;9;0;0;0;0;0;0;0;0;0;0;0
2;1;0;2;55;0;247;17;29;11;0;11;0;0;0;0;0;0
12;1;0;12;28;0;99;21;10;8;0;8;0;0;0;0;0;0
0;1;0;0;1;0;8;0;2;2;0;2;0;0;0;0;0;0
3;1;3;3;18;0;46;8;12;8;0;7;1;0;0;0;3;0
2;1;0;2;1;0;8;0;2;2;0;2;0;0;0;0;0;0
4;1;0;4;6;0;87;22;4;4;0;4;0;0;0;0;0;0
5;1;2;5;0;0;95;36;18;7;0;6;1;1;0;0;8;0
19;1;23;19;8646;0;134;0;132;132;0;0;0;0;0;0;0;0
1;6;2;1;1;0;23;7;4;2;0;2;0;0;0;0;0;0
5;1;6;5;0;0;63;15;17;12;0;12;0;1;0;0;2;0
3;1;0;3;6;0;44;12;4;4;0;4;0;0;0;0;0;0
2;1;0;2;28;0;35;1;11;8;0;8;0;0;0;0;0;0
4;2;7;4;3;3;21;3;5;3;0;3;0;0;0;0;0;0
6;1;2;6;9;0;43;8;10;7;1;6;0;3;0;1;2;0
0;1;2;0;45;0;12;0;10;10;0;0;0;0;0;0;0;0
5;1;0;5;15;0;88;16;10;6;0;6;0;0;0;0;0;0
14;4;2;14;63;0;205;50;38;23;0;21;2;6;0;5;9;0
24;3;4;24;1031;2;902;123;159;51;8;39;4;5;0;3;8;0
14;2;1;14;486;0;285;44;60;40;0;37;3;1;0;0;15;0
14;1;1;14;406;0;158;32;37;29;0;29;0;0;0;0;0;0
1;1;2;1;0;0;3;0;1;1;0;0;0;0;0;0;0;0
4;1;1;4;1;0;35;7;2;2;0;1;1;1;0;0;1;0
5;1;4;5;6;0;148;22;48;4;0;3;0;0;0;0;0;0
6;1;0;6;3;0;30;9;3;3;0;3;0;0;0;0;0;0
15;7;2;15;20;0;211;33;48;13;1;11;1;0;0;0;3;0
10;1;0;10;10;0;45;15;5;5;0;5;0;0;0;0;0;0
16;4;2;16;16;0;246;58;62;9;3;6;0;1;1;0;1;0
6;2;2;6;25;0;63;16;16;10;0;8;2;2;0;0;2;0
1;2;3;1;0;0;18;0;4;4;0;4;0;2;0;0;2;0
2;1;1;2;0;0;12;4;2;2;0;2;0;0;0;0;1;0
7;1;2;7;78;0;118;24;31;13;8;5;0;1;0;0;1;0
4;1;0;4;10;0;45;9;5;5;0;5;0;0;0;0;0;0
3;2;1;3;0;0;17;1;4;4;0;4;0;0;0;0;1;0
2;1;2;2;1;0;4;0;2;2;0;0;0;0;0;0;0;0
4;1;0;4;8;0;93;18;5;5;0;5;0;1;0;0;2;0
4;1;0;4;10;0;33;9;5;5;0;5;0;0;0;0;0;0
4;1;5;4;1;0;26;3;2;2;0;2;0;0;0;0;0;0
1;1;2;1;0;0;3;0;1;1;0;0;0;0;0;0;0;0
3;1;0;3;3;0;20;6;3;3;0;3;0;0;0;0;0;0
2;2;2;2;10;0;75;26;13;5;1;4;0;1;0;0;1;0
3;1;3;3;153;0;20;0;18;18;0;0;0;0;0;0;0;0
5;2;2;5;45;0;40;5;12;10;0;10;0;2;0;1;1;0
4;1;0;4;10;0;85;16;5;5;0;5;0;0;0;0;0;0
0;1;1;0;0;0;3;0;0;0;0;0;0;0;0;0;0;0
6;2;2;6;25;0;63;16;16;10;0;8;2;2;0;0;2;0
1;1;17;1;0;0;3;0;1;1;0;0;0;0;0;0;0;0
2;1;0;2;1;0;8;0;2;2;0;2;0;0;0;0;0;0
11;3;2;11;0;0;108;20;22;11;0;11;0;1;0;0;7;0
4;1;2;4;28;0;10;0;8;8;0;0;0;0;0;0;0;0
4;1;2;4;8;0;79;10;22;8;0;8;0;1;0;0;2;0
4;1;0;4;36;0;75;17;9;9;0;9;0;0;0;0;0;0
15;1;1;15;0;0;55;19;8;5;0;4;1;0;0;0;1;0
1;1;0;1;0;0;18;0;5;4;0;4;0;0;0;0;0;0
14;2;0;14;91;0;464;76;15;14;0;14;0;0;0;0;0;0
10;1;0;10;55;0;127;20;16;11;0;11;0;0;0;0;0;0
16;3;2;16;134;0;247;41;69;20;1;19;0;4;1;3;7;0
5;1;4;5;16;0;173;26;34;9;0;6;3;0;0;0;3;0
4;3;0;4;0;0;3;0;0;0;0;0;0;1;0;0;1;0
2;2;2;2;6;0;58;25;12;4;1;3;0;1;0;0;1;0
5;1;0;5;15;0;47;10;6;6;0;6;0;0;0;0;0;0
5;2;3;5;0;0;171;22;37;22;0;22;0;5;0;4;5;0
2;1;0;2;0;0;6;0;1;1;0;1;0;0;0;0;1;0
4;1;0;4;6;0;37;5;4;4;0;4;0;0;0;0;0;0
14;2;1;14;551;0;365;24;89;42;5;36;1;3;4;3;15;0
4;1;0;4;6;0;52;8;4;4;0;4;0;0;0;0;0;0
10;2;2;10;94;0;185;29;36;25;1;22;2;1;0;0;7;0
3;1;0;3;3;0;41;10;3;3;0;3;0;0;0;0;0;0
1;1;5;1;3;0;5;0;3;3;0;0;0;0;0;0;0;0
10;2;1;10;231;0;171;29;44;31;0;25;6;0;0;0;3;0
1;1;3;1;0;0;3;0;1;1;0;0;0;0;0;0;0;0
4;1;0;4;30;0;111;27;11;9;0;9;0;1;0;0;1;0
3;1;0;3;6;0;42;8;4;4;0;4;0;0;0;0;0;0
4;1;14;4;0;0;156;12;43;19;0;19;0;1;0;0;5;0
2;1;1;2;0;0;36;2;9;6;0;6;0;0;0;0;2;0
3;2;0;3;10;0;98;16;6;5;0;5;0;0;0;0;0;0
1;1;4;1;0;0;3;0;1;1;0;0;0;0;0;0;0;0
2;1;1;2;0;0;2;0;0;0;0;0;0;0;0;0;0;0
2;2;1;2;21;0;53;7;12;7;0;7;0;0;0;0;0;0
1;1;0;1;0;0;45;5;11;5;0;3;2;1;0;0;0;0
4;1;1;4;1;0;7;0;2;2;0;2;0;0;0;0;0;0
2;1;0;2;28;0;127;15;13;8;0;8;0;0;0;0;0;0
17;2;1;17;300;0;779;49;178;25;0;24;1;0;0;0;0;0
4;1;3;4;0;0;154;13;28;11;0;9;2;1;0;0;4;0
26;5;6;26;4503;1;1357;236;302;115;10;104;1;29;54;20;3;0
16;1;0;16;36;0;147;43;9;9;0;9;0;0;0;0;0;0
0;1;5;0;0;0;3;0;1;1;0;0;0;0;0;0;0;0
18;1;0;18;87;0;239;38;20;14;0;14;0;0;0;0;2;0
4;1;2;4;8;0;78;10;22;8;0;8;0;0;0;0;1;0
1;1;3;1;0;0;38;0;10;5;0;5;0;0;0;0;3;0
21;3;12;21;629;4;528;90;113;38;11;27;0;5;0;4;7;0
15;3;3;15;213;1;239;43;50;31;0;29;2;6;0;5;13;0
16;3;3;16;1;1;154;56;31;7;0;7;0;1;0;0;2;0
18;4;1;18;92;0;367;64;72;21;7;12;2;3;0;2;5;0
4;2;11;4;0;3;35;2;9;5;0;5;0;0;0;0;2;0
33;1;28;33;1920;0;671;119;158;73;3;67;3;7;0;6;18;0
28;5;8;28;652;2;536;100;147;44;1;39;4;1;0;0;16;0
5;6;1;5;19;0;96;24;19;7;1;4;2;3;0;0;3;0
2;1;1;2;1;0;4;0;2;2;0;0;0;0;0;0;0;0
8;3;2;8;0;0;35;8;9;5;0;5;0;0;0;0;1;0
2;2;5;2;0;0;10;0;2;2;0;2;0;1;0;0;1;0
2;1;3;2;2;0;83;6;20;9;0;9;0;1;0;0;3;0
13;1;0;13;120;0;384;73;18;16;0;16;0;1;0;0;1;0
15;1;1;15;0;0;55;19;8;5;0;4;1;0;0;0;1;0
1;1;3;1;0;0;3;0;1;1;0;0;0;0;0;0;0;0
18;4;2;18;16;0;172;41;42;8;1;7;0;1;0;0;2;0
10;1;1;10;15;0;144;24;33;6;0;6;0;0;0;0;0;0
4;1;0;4;10;0;76;9;5;5;0;5;0;0;0;0;0;0
3;1;0;3;1;0;11;3;2;2;0;2;0;0;0;0;0;0
6;2;2;6;25;0;63;16;16;10;0;8;2;2;0;0;2;0
2;1;0;2;6;0;27;6;4;4;0;4;0;1;0;0;1;0
3;1;0;3;3;0;20;6;3;3;0;3;0;0;0;0;0;0
2;1;0;2;3;0;25;6;3;3;0;3;0;0;0;0;0;0
0;1;1;0;0;0;3;0;0;0;0;0;0;0;0;0;0;0
5;1;0;5;10;0;68;17;5;5;0;5;0;0;0;0;0;0
9;1;3;9;43;0;169;27;42;11;5;6;0;1;0;0;5;0
4;1;20;4;12;15;57;12;16;12;3;7;2;1;0;0;3;0
3;1;0;3;3;0;20;6;3;3;0;3;0;0;0;0;0;0
2;1;7;2;36;0;11;0;9;9;0;0;0;0;0;0;0;0
2;1;0;2;3;0;24;8;3;3;0;3;0;0;0;0;0;0
5;3;3;5;15;0;51;12;13;6;1;5;0;2;0;1;1;0
2;1;0;2;6;0;44;8;4;4;0;4;0;0;0;0;0;0
3;2;2;3;88;0;151;16;43;20;0;19;1;5;0;0;5;0
5;1;0;5;6;0;43;8;4;4;0;4;0;0;0;0;0;0
11;2;1;11;44;0;129;24;29;20;0;18;2;1;0;0;6;0
1;2;0;1;0;0;4;0;1;1;0;1;0;0;0;0;0;0
2;1;1;2;0;0;36;1;9;6;0;6;0;0;0;0;2;0
5;2;4;5;21;1;32;3;9;7;0;7;0;2;0;1;1;0
1;1;0;1;0;0;5;0;1;1;0;1;0;0;0;0;0;0
4;1;0;4;10;0;52;9;5;5;0;5;0;0;0;0;0;0
3;1;0;3;15;0;46;11;6;6;0;6;0;0;0;0;0;0
1;1;0;1;0;0;5;0;1;1;0;1;0;0;0;0;0;0
19;3;2;19;8;0;98;42;19;8;0;7;1;1;0;0;2;0
3;1;1;3;0;0;59;8;13;8;0;8;0;2;0;0;2;0
1;1;0;1;0;0;5;0;1;1;0;1;0;0;0;0;0;0
1;1;0;1;0;0;5;0;1;1;0;1;0;0;0;0;0;0
1;1;1;1;15;0;97;5;33;6;0;5;1;0;0;0;0;0
8;2;1;8;0;0;128;20;36;20;0;19;1;0;0;0;3;0
10;1;0;10;10;0;68;13;6;5;0;5;0;0;0;0;0;0
6;1;2;6;0;0;91;20;19;9;1;8;0;4;0;1;4;0
3;1;3;3;0;1;49;3;11;5;0;5;0;4;0;3;4;0
1;1;8;1;0;0;3;0;1;1;0;0;0;0;0;0;0;0
0;1;9;0;1;0;4;0;2;2;0;0;0;0;0;0;0;0
7;2;2;7;29;0;177;33;44;15;0;8;7;3;0;2;5;0
4;1;0;4;15;0;58;16;6;6;0;6;0;0;0;0;0;0
3;1;0;3;1;0;12;2;2;2;0;2;0;0;0;0;0;0
11;1;0;11;0;0;179;31;12;12;0;12;0;1;0;0;1;0
7;2;1;7;117;0;183;25;45;22;0;17;4;1;0;0;3;0
3;1;12;3;21;0;9;0;7;7;0;0;0;0;0;0;0;0
1;1;5;1;1;0;4;0;2;2;0;0;0;0;0;0;0;0
2;1;0;2;6;0;54;14;4;4;0;4;0;1;0;0;1;0
23;2;2;23;54;0;314;84;80;29;2;27;0;1;0;0;4;0
1;1;5;1;0;0;3;0;1;1;0;0;0;0;0;0;0;0
0;1;7;0;0;0;8;0;0;0;0;0;0;0;0;0;0;0
4;1;3;4;0;0;149;28;37;13;0;11;2;1;0;0;4;0
2;1;10;2;1;0;6;0;2;2;0;2;0;0;0;0;0;0
6;7;2;6;0;0;74;28;13;7;1;6;0;0;0;0;2;0
3;1;0;3;6;0;47;10;4;4;0;4;0;0;0;0;0;0
1;1;0;1;0;0;3;0;1;1;0;0;0;0;0;0;0;0
2;1;3;2;0;0;21;0;4;4;0;4;0;4;0;0;4;0
3;1;0;3;3;0;20;3;3;3;0;3;0;0;0;0;0;0
9;2;2;9;1;0;39;11;9;6;2;4;0;0;0;0;3;0
0;1;8;0;0;0;4;0;0;0;0;0;0;0;0;0;0;0
1;5;3;1;1;0;91;29;16;6;0;6;0;1;1;1;4;0
3;1;0;3;1;0;14;3;3;2;0;2;0;0;0;0;0;0
1;1;46;1;99;1;183;15;54;23;0;20;3;3;0;0;3;0
9;2;1;9;0;0;160;29;44;20;0;20;0;0;1;0;3;0
7;1;0;7;5;0;56;14;6;6;0;6;0;1;0;0;1;0
20;3;2;20;71;0;302;90;74;26;2;24;0;1;0;0;4;0
2;1;0;2;1;0;12;3;2;2;0;2;0;0;0;0;0;0
3;1;0;3;190;0;225;27;28;20;0;20;0;0;0;0;0;0
6;1;1;6;351;0;390;33;33;27;0;24;3;0;0;0;0;0
3;1;0;3;3;0;20;6;3;3;0;3;0;0;0;0;0;0
0;1;0;0;3;0;5;0;3;3;0;0;0;0;0;0;0;0
6;1;3;6;4;0;83;5;20;12;0;12;0;1;0;0;7;0
2;1;2;2;3;0;5;0;3;3;0;0;0;0;0;0;0;0
4;1;0;4;0;0;42;2;1;1;0;1;0;1;0;0;1;0
4;1;0;4;0;0;61;15;1;1;0;1;0;0;0;0;0;0
15;1;1;15;0;0;52;20;8;6;0;5;1;0;0;0;1;0
0;1;0;0;0;0;5;0;0;0;0;0;0;0;0;0;0;0
4;1;3;4;0;0;94;18;24;13;0;12;1;1;0;0;2;0
10;2;1;10;91;0;172;35;42;23;0;22;1;1;0;0;3;0
14;7;2;14;102;0;289;40;60;21;1;13;7;0;0;0;4;0
0;1;0;0;0;0;17;4;4;4;0;2;2;0;0;0;1;0
9;1;4;9;182;0;271;22;57;40;0;38;2;0;0;0;16;0
1;3;1;1;7;0;84;8;20;11;0;10;1;0;0;0;6;0
7;4;1;7;0;0;182;27;40;17;1;10;6;0;0;0;3;0
10;1;0;10;15;0;72;15;6;6;0;6;0;0;0;0;0;0
15;1;1;15;0;0;57;21;9;6;0;5;1;0;0;0;1;0
8;1;19;8;32;12;154;27;38;20;0;16;4;1;0;0;4;0
10;1;0;10;15;0;58;20;6;6;0;6;0;0;0;0;0;0
13;1;0;13;21;0;128;40;7;7;0;7;0;0;0;0;0;0
2;1;20;2;28;0;10;0;8;8;0;0;0;0;0;0;0;0
0;1;2;0;3;0;5;0;3;3;0;0;0;0;0;0;0;0
2;2;2;2;6;0;35;17;10;4;1;3;0;1;0;0;1;0
2;6;0;2;1;0;20;2;4;3;0;3;0;1;0;0;1;0
3;1;0;3;3;0;35;10;3;3;0;3;0;0;0;0;0;0
5;1;0;5;3;0;68;17;4;3;0;3;0;0;0;0;0;0
2;1;0;2;72;0;199;21;18;13;0;13;0;1;0;0;1;0
1;4;0;1;0;0;3;0;0;0;0;0;0;1;0;0;0;0
3;1;0;3;3;0;24;7;3;3;0;3;0;0;0;0;0;0
2;1;0;2;3;0;29;5;3;3;0;3;0;0;0;0;0;0
7;1;2;7;61;0;217;30;51;14;9;5;0;3;0;0;3;0
5;1;0;5;10;0;56;18;6;5;0;5;0;0;0;0;0;0
6;1;1;6;45;0;120;6;14;10;0;8;2;0;0;0;0;0
3;1;0;3;3;0;34;9;4;3;0;3;0;0;0;0;0;0
3;1;0;3;10;0;57;13;5;5;0;5;0;1;0;0;1;0
2;1;0;2;6;0;27;6;4;4;0;4;0;1;0;0;1;0
13;4;24;13;271;0;320;54;82;39;0;37;2;1;0;0;3;0
6;1;0;6;6;0;68;19;4;4;0;4;0;0;0;0;0;0
0;1;5;0;3;0;5;0;3;3;0;0;0;0;0;0;0;0
2;1;0;2;6;0;18;1;6;4;0;4;0;0;0;0;0;0
15;1;1;15;0;0;55;19;8;5;0;4;1;0;0;0;1;0
0;1;2;0;0;0;4;0;0;0;0;0;0;0;0;0;0;0
2;4;0;2;0;0;9;0;1;1;0;1;0;0;0;2;0;0
2;1;1;2;3;0;76;10;7;3;0;2;1;0;0;0;0;0
2;1;4;2;0;0;3;0;1;1;0;0;0;0;0;0;0;0
7;1;3;7;1;0;87;22;21;7;0;7;0;1;0;0;3;0
0;1;2;0;0;0;3;0;0;0;0;0;0;0;0;0;0;0
7;1;4;7;81;0;157;19;43;22;0;20;2;1;0;0;6;0
13;1;0;13;28;0;220;37;8;8;0;8;0;0;0;0;0;0
30;1;1;30;598;0;886;61;72;65;0;61;4;1;0;0;1;0
3;1;0;3;13;0;89;15;6;6;0;6;0;1;0;0;1;0
8;1;0;8;15;0;71;17;6;6;0;6;0;0;0;0;0;0
0;6;0;0;28;0;24;4;9;8;0;8;0;0;0;0;0;0
5;2;0;5;33;0;114;9;28;11;0;11;0;0;0;0;4;0
4;2;2;4;6;0;46;3;13;8;0;8;0;1;0;0;4;0
12;2;1;12;250;0;188;40;52;33;0;32;1;0;0;0;4;0
19;3;1;19;156;0;224;51;54;25;1;22;2;1;0;0;8;0
4;1;1;4;15;0;39;14;9;7;0;7;0;0;0;0;1;0
6;1;0;6;34;0;121;19;11;9;0;9;0;0;0;0;1;0
21;5;3;21;103;1;325;77;70;22;0;20;2;6;0;5;8;0
4;1;0;4;6;0;63;17;4;4;0;4;0;0;0;0;0;0
2;1;0;2;85;0;191;20;22;14;0;14;0;1;0;0;1;0
4;1;3;4;4;0;147;15;42;12;0;7;5;0;0;0;10;0
2;1;2;2;0;0;3;0;1;1;0;0;0;0;0;0;0;0
4;1;2;4;0;0;77;18;20;8;0;8;0;2;0;0;2;0
2;1;0;2;0;0;6;0;1;1;0;1;0;0;0;0;1;0
3;1;0;3;10;0;71;14;5;5;0;5;0;0;0;0;0;0
13;3;2;13;0;0;112;35;22;9;0;7;2;1;0;0;5;0
11;4;12;11;164;0;255;58;69;36;1;34;1;0;0;0;5;0
1;1;0;1;1;0;22;8;2;2;0;2;0;0;0;0;0;0
4;1;0;4;1;0;54;9;2;2;0;2;0;0;0;0;0;0
1;1;0;1;0;0;41;2;1;1;0;1;0;0;0;0;0;0
4;1;0;4;26;0;110;26;8;8;0;8;0;0;0;0;1;0
20;3;2;20;163;0;333;74;69;23;5;16;2;1;0;0;5;0
2;1;8;2;1;0;4;0;2;2;0;0;0;0;0;0;0;0
3;1;1;3;0;0;44;2;10;6;0;6;0;4;0;0;4;0
2;2;2;2;6;0;45;17;10;4;1;3;0;1;0;0;1;0
3;1;1;3;120;0;132;27;32;16;0;5;11;0;0;0;0;0
21;5;2;21;0;0;164;48;40;7;2;5;0;1;0;0;2;0
7;2;1;7;0;0;90;27;10;10;0;6;4;0;0;1;0;0
6;1;0;6;0;0;11;4;1;1;0;1;0;0;0;0;0;0
0;1;1;0;0;0;26;0;0;0;0;0;0;0;0;0;0;0
7;4;1;7;21;0;98;34;27;7;4;3;0;0;0;0;0;0
5;2;5;5;43;2;41;6;12;10;0;10;0;2;0;1;1;0
11;1;8;11;913;0;382;27;87;58;0;55;3;6;0;0;26;0
15;1;1;15;43;0;131;33;10;10;0;7;3;1;0;0;1;0
12;1;1;12;26;0;72;22;8;8;0;7;1;1;0;0;1;0
16;2;2;16;221;0;275;52;72;38;1;37;0;1;0;0;4;0
0;1;0;0;1;0;38;6;10;2;0;1;1;0;0;0;0;0
2;1;0;2;0;0;9;0;2;2;0;2;0;0;0;1;0;0
5;3;2;5;0;0;30;5;8;5;0;5;0;0;0;0;1;0
0;5;4;0;0;0;5;0;1;1;0;1;0;0;0;0;0;0
16;2;12;16;643;0;344;62;82;42;0;39;3;0;0;0;12;0
1;1;2;1;0;0;3;0;1;1;0;0;0;0;0;0;0;0
19;3;2;19;194;0;574;83;122;25;2;18;5;1;0;0;6;0
9;1;0;9;21;0;88;16;9;7;0;7;0;0;0;0;0;0
3;1;0;3;3;0;21;4;3;3;0;3;0;0;0;0;0;0
19;1;26;19;2519;2;675;83;160;78;12;64;2;16;0;15;27;0
5;1;1;5;80;0;192;20;21;17;0;17;0;1;0;0;1;0
17;4;2;17;0;0;206;56;48;12;0;10;2;1;0;0;3;0
13;2;1;13;112;0;349;73;99;20;2;13;5;0;2;0;0;0
3;1;0;3;3;0;20;6;3;3;0;3;0;0;0;0;0;0
6;1;3;6;0;0;82;18;19;11;0;9;2;3;0;1;3;0
5;1;1;5;583;0;314;37;42;35;0;31;4;0;0;0;4;0
12;3;1;12;14;0;101;24;23;12;0;10;2;1;0;0;5;0
11;1;1;11;0;0;38;14;6;5;0;4;1;0;0;0;1;0
2;1;1;2;45;0;67;23;13;10;0;9;1;0;0;0;0;0
10;1;5;10;21;0;94;18;25;7;0;7;0;0;0;0;0;0
2;3;0;2;1;0;12;0;3;3;0;3;0;0;0;0;1;0
3;1;0;3;3;0;20;6;3;3;0;3;0;0;0;0;0;0
5;2;5;5;52;0;175;30;41;20;0;20;0;3;0;2;6;0
3;1;0;3;3;0;23;4;4;3;0;3;0;0;0;0;0;0
2;2;1;2;10;0;35;5;8;5;0;5;0;0;0;0;0;0
5;2;2;5;36;0;33;8;9;9;0;9;0;0;0;0;0;0
3;1;0;3;10;0;71;14;5;5;0;5;0;0;0;0;0;0
6;2;1;6;45;0;104;24;26;10;1;9;0;1;0;1;0;0
0;1;2;0;0;0;3;0;0;0;0;0;0;0;0;0;0;0
9;1;3;9;79;0;190;30;46;14;8;6;0;5;0;0;5;0
21;3;2;21;0;0;261;74;64;21;2;18;1;1;0;0;4;0
2;1;7;2;6;0;6;0;4;4;0;0;0;0;0;0;0;0
5;2;3;5;55;0;41;10;11;11;0;11;0;0;0;0;0;0
4;1;0;4;3;0;29;4;3;3;0;3;0;0;0;0;0;0
2;1;0;2;0;0;6;0;1;1;0;1;0;0;0;0;1;0
7;1;0;7;10;0;86;10;5;5;0;5;0;0;0;0;0;0
1;1;1;1;0;0;3;0;1;1;0;0;0;0;0;0;0;0
0;1;2;0;0;0;3;0;1;1;0;0;0;0;0;0;0;0
1;1;15;1;0;0;3;0;1;1;0;0;0;0;0;0;0;0
19;3;3;19;0;1;175;64;32;12;0;10;2;1;0;0;3;0
2;1;0;2;3;0;28;4;3;3;0;3;0;0;0;0;0;0
6;1;17;6;6;0;90;13;21;4;0;4;0;0;0;0;0;0
4;1;1;4;6;0;94;13;16;4;0;4;0;0;0;0;0;0
4;1;0;4;10;0;45;10;5;5;0;5;0;0;0;0;0;0
1;1;2;1;1;0;8;0;2;2;0;2;0;0;0;0;0;0
9;1;1;9;105;0;17;0;15;15;0;0;0;0;0;0;0;0
1;1;8;1;0;0;3;0;1;1;0;0;0;0;0;0;0;0
3;1;3;3;1;0;4;0;2;2;0;0;0;0;0;0;0;0
5;2;3;5;36;0;33;8;9;9;0;9;0;0;0;0;0;0
0;1;1;0;0;0;14;0;0;0;0;0;0;0;0;0;0;0
20;2;1;20;196;0;315;67;73;29;1;26;2;1;0;0;10;0
6;6;4;6;15;4;236;4;14;10;2;8;0;0;0;0;0;0
2;4;0;2;0;0;7;0;1;1;0;1;0;0;0;1;0;0
2;1;2;2;0;0;119;3;35;12;0;12;0;1;0;0;6;0
2;1;0;2;3;0;38;11;3;3;0;3;0;0;0;0;0;0
3;1;0;3;3;0;31;10;3;3;0;3;0;0;0;0;0;0
7;1;0;7;6;0;63;9;4;4;0;4;0;0;0;0;0;0
11;1;0;11;15;0;75;16;7;6;0;6;0;0;0;0;0;0
5;2;4;5;41;0;172;27;36;19;0;19;0;3;0;2;6;0
0;1;1;0;0;0;5;0;0;0;0;0;0;0;0;0;0;0
18;1;4;18;9045;0;137;0;135;135;0;0;0;0;0;0;0;0
4;1;0;4;6;0;61;8;4;4;0;4;0;0;0;0;0;0
15;1;1;15;0;0;55;19;8;5;0;4;1;0;0;0;1;0
14;3;3;14;0;1;90;32;19;11;0;11;0;1;0;0;4;0
1;1;6;1;25;0;62;6;22;11;0;11;0;0;0;0;2;0
1;4;4;1;1;0;51;13;8;6;0;6;0;0;0;0;2;0
3;1;0;3;6;0;39;10;4;4;0;4;0;0;0;0;0;0
27;1;0;27;666;0;763;109;48;37;0;37;0;0;0;0;0;0
0;1;6;0;0;0;6;0;1;1;0;1;0;1;0;0;1;0
23;2;1;23;669;0;417;76;100;50;2;44;4;5;1;2;15;0
1;1;0;1;10;0;50;11;5;5;0;5;0;0;0;0;0;0
4;1;0;4;44;0;139;23;12;12;0;12;0;1;0;0;1;0
4;1;2;4;0;0;58;10;14;9;0;9;0;1;0;0;2;0
0;1;4;0;0;0;3;0;1;1;0;0;0;0;0;0;0;0
0;1;3;0;0;0;3;0;1;1;0;0;0;0;0;0;0;0
1;1;4;1;0;0;3;0;1;1;0;0;0;0;0;0;0;0
19;4;2;19;13;0;233;34;42;11;1;8;2;1;0;0;2;0
1;1;0;1;0;0;4;0;1;1;0;1;0;0;0;0;0;0
2;1;1;2;0;0;81;8;14;7;0;6;1;7;0;0;7;0
0;1;3;0;0;0;3;0;1;1;0;0;0;0;0;0;0;0
3;3;7;3;0;2;14;1;3;3;0;3;0;1;0;0;1;0
14;2;10;14;13;1;105;30;26;15;0;15;0;2;0;0;3;0
1;1;2;1;1;0;4;0;2;2;0;0;0;0;0;0;0;0
20;5;4;20;369;1;396;82;104;34;2;30;2;7;0;6;11;0
5;1;0;5;10;0;90;25;5;5;0;5;0;0;0;0;0;0
11;1;9;11;451;3;238;19;59;38;3;33;2;1;0;0;15;0
2;1;4;2;20;0;44;10;11;9;0;9;0;1;0;0;3;0
2;1;0;2;15;0;8;0;6;6;0;0;0;0;0;0;0;0
3;1;0;3;1;0;13;2;2;2;0;2;0;0;0;0;0;0
2;1;0;2;10;0;51;12;6;5;0;5;0;0;0;0;0;0
2;1;38;2;45;0;61;10;19;10;0;10;0;0;0;0;0;0
2;2;2;2;0;0;93;3;24;17;0;17;0;2;0;0;2;0
2;1;0;2;3;0;28;7;3;3;0;3;0;0;0;0;0;0
3;1;1;3;7;0;78;13;16;6;0;3;3;0;0;0;2;0
4;1;0;4;10;0;51;11;5;5;0;5;0;0;0;0;0;0
2;1;0;2;0;0;6;0;1;1;0;1;0;0;0;0;1;0
2;1;0;2;0;0;6;0;1;1;0;1;0;0;0;0;1;0
3;1;0;3;0;0;36;9;1;1;0;1;0;0;0;0;0;0
3;1;0;3;15;0;72;16;7;6;0;6;0;1;0;0;1;0
7;1;0;7;10;0;64;18;6;5;0;5;0;0;0;0;0;0
6;3;2;6;15;0;28;14;8;6;0;6;0;0;0;0;0;0
2;1;0;2;1;0;13;2;2;2;0;2;0;0;0;0;0;0
9;2;3;9;0;0;41;10;9;5;0;5;0;0;0;0;3;0
1;1;2;1;0;0;3;0;1;1;0;0;0;0;0;0;0;0
1;1;5;1;89;2;104;3;27;19;0;19;0;0;0;0;8;0
3;1;2;3;0;0;79;11;19;8;0;8;0;1;0;0;5;0
15;2;2;15;355;0;299;47;77;38;1;35;2;1;0;0;14;0
4;1;19;4;28;0;61;5;17;13;0;13;0;0;0;0;3;0
2;1;0;2;0;0;7;2;1;1;0;1;0;0;0;0;0;0
13;3;1;13;30;0;121;19;29;16;0;14;2;0;0;0;6;0
17;3;2;17;56;0;195;36;51;17;0;15;2;1;0;0;6;0
4;1;0;4;6;0;31;9;4;4;0;4;0;0;0;0;0;0
11;2;7;11;129;3;142;13;37;23;4;17;2;5;0;5;6;0
7;1;1;7;21;0;98;23;11;7;0;6;1;0;0;0;0;0
1;1;4;1;0;0;3;0;1;1;0;0;0;0;0;0;0;0
7;2;1;7;0;0;233;26;63;33;0;32;1;0;0;0;3;0
4;1;0;4;3;0;47;14;3;3;0;3;0;0;0;0;0;0
4;1;0;4;6;0;64;17;4;4;0;4;0;0;0;0;0;0
2;1;0;2;6;0;33;5;4;4;0;4;0;0;0;0;0;0
2;2;15;2;0;0;10;0;2;2;0;2;0;0;0;0;1;0
5;1;4;5;16;0;173;25;34;9;0;6;3;0;0;0;3;0
3;2;7;3;32;0;160;25;33;24;0;23;1;5;4;0;4;0
3;1;0;3;1;0;21;7;2;2;0;2;0;0;0;0;0;0
10;1;0;10;21;0;64;21;7;7;0;7;0;0;0;0;0;0
2;1;0;2;6;0;34;8;4;4;0;4;0;0;0;0;0;0
3;1;1;3;28;0;34;6;8;8;0;8;0;0;0;0;0;0
36;1;48;36;1994;13;570;64;158;69;8;59;2;12;0;11;19;0
7;1;12;7;229;0;362;69;84;23;0;18;5;0;0;0;3;0
2;1;11;2;0;0;3;0;1;1;0;0;0;0;0;0;0;0
18;4;3;18;10;1;87;30;20;5;1;4;0;1;0;0;1;0
0;1;61;0;0;0;3;0;1;1;0;0;0;0;0;0;0;0
27;3;13;27;884;5;565;120;157;49;5;40;4;3;0;2;19;0
4;3;2;4;21;0;74;20;14;7;0;6;1;1;0;0;1;0
8;1;0;8;0;0;211;38;23;15;0;15;0;1;0;0;1;0
9;1;0;9;15;0;55;16;7;6;0;6;0;0;0;0;0;0
1;1;2;1;0;0;77;10;13;1;0;1;0;0;0;0;0;0
2;1;0;2;0;0;6;0;1;1;0;1;0;0;0;0;1;0
7;1;0;7;15;0;65;20;7;6;0;6;0;0;0;0;0;0
1;1;4;1;0;0;3;0;1;1;0;0;0;0;0;0;0;0
12;1;21;12;167;10;98;17;33;19;1;18;0;2;0;0;2;0
3;3;2;3;0;1;10;2;2;1;0;1;0;0;0;0;0;0
4;1;0;4;10;0;101;28;5;5;0;5;0;0;0;0;0;0
1;2;0;1;0;0;21;0;1;1;0;0;1;2;0;2;0;0
6;1;2;6;15;0;86;19;23;6;0;5;1;0;0;0;0;0
2;1;0;2;1;0;21;9;2;2;0;2;0;0;0;0;0;0
7;2;3;7;24;1;118;19;25;17;1;14;2;6;0;5;7;0
6;1;2;6;9;0;43;8;10;7;1;6;0;3;0;1;2;0
3;1;4;3;0;0;57;5;14;8;0;8;0;4;0;1;3;0
2;1;9;2;28;0;10;0;8;8;0;0;0;0;0;0;0;0
1;1;5;1;0;0;44;3;11;7;0;7;0;0;0;0;2;0
3;1;0;3;6;0;41;9;4;4;0;4;0;0;0;0;0;0
11;1;0;11;21;0;93;23;8;7;0;7;0;0;0;0;0;0
5;3;2;5;0;0;36;9;8;5;0;5;0;1;0;0;1;0
3;1;0;3;45;0;206;15;21;10;0;10;0;0;0;0;0;0
7;1;2;7;60;0;221;18;44;17;0;12;5;8;0;6;13;0
23;3;1;23;3;0;170;35;37;15;0;15;0;1;0;0;8;0
3;1;16;3;0;0;45;9;12;9;0;9;0;1;0;0;2;0
4;1;0;4;19;0;84;17;10;7;0;7;0;0;0;0;1;0
20;1;0;20;49;0;191;47;11;11;0;11;0;1;0;0;1;0
4;1;32;4;0;0;2;0;0;0;0;0;0;0;0;0;0;0
1;1;5;1;0;1;47;7;13;8;3;5;0;1;0;0;3;0
6;2;1;6;41;0;116;8;36;15;0;15;0;6;0;0;7;0
15;1;1;15;0;0;55;19;8;5;0;4;1;0;0;0;1;0
3;1;0;3;3;0;45;4;3;3;0;3;0;0;0;0;0;0
2;1;0;2;0;0;6;0;1;1;0;1;0;0;0;0;1;0
10;1;1;10;72;0;282;41;15;13;0;12;1;1;0;0;1;0
4;1;0;4;3;0;45;14;3;3;0;3;0;0;0;0;0;0
1;1;13;1;0;2;58;3;16;8;0;8;0;1;0;0;3;0
1;1;0;1;0;0;14;2;1;1;0;1;0;0;0;0;0;0
0;1;14;0;0;0;3;0;1;1;0;0;0;0;0;0;0;0
15;1;1;15;34;0;128;26;9;9;0;8;1;1;0;0;1;0
12;3;3;12;197;0;276;50;66;38;0;37;1;1;0;0;3;0
11;5;3;11;98;1;169;54;28;17;0;15;2;10;1;0;14;0
2;1;4;2;0;0;6;0;1;1;0;1;0;0;0;1;0;0
3;1;0;3;3;0;23;5;3;3;0;3;0;0;0;0;0;0
3;1;0;3;6;0;35;9;4;4;0;4;0;0;0;0;0;0
4;1;0;4;3;0;48;12;3;3;0;3;0;0;0;0;0;0
0;1;4;0;0;0;4;0;0;0;0;0;0;0;0;0;0;0
1;1;3;1;0;0;54;1;13;7;0;7;0;0;0;0;4;0
1;3;1;1;208;0;208;19;48;28;0;28;0;2;0;0;14;0
3;1;62;3;153;0;402;76;70;18;0;17;1;0;0;0;0;0
4;1;0;4;6;0;47;16;4;4;0;4;0;0;0;0;0;0
0;1;1;0;0;0;4;0;0;0;0;0;0;0;0;0;0;0
2;1;2;2;1;0;8;1;2;2;0;2;0;0;0;0;0;0
82;1;2;82;169;0;710;77;137;50;0;50;0;0;0;0;1;0
12;3;1;12;3;0;56;19;3;3;0;3;0;1;0;0;1;0
4;2;7;4;0;2;33;6;10;6;0;6;0;0;0;0;1;0
2;1;2;2;9;0;44;10;10;6;0;5;1;0;0;0;1;0
0;1;2;0;105;0;17;0;15;15;0;0;0;0;0;0;0;0
10;1;2;10;15;0;53;13;12;6;0;5;1;1;0;0;1;0
1;1;4;1;0;0;3;0;1;1;0;0;0;0;0;0;0;0
1;1;2;1;1;0;78;12;36;2;0;2;0;0;0;0;0;0
2;1;0;2;153;0;288;26;26;18;0;18;0;0;0;0;0;0
14;3;2;14;0;0;135;27;28;14;0;12;2;1;0;0;7;0
18;2;2;18;305;0;413;76;88;34;1;32;1;0;0;0;14;0
3;1;0;3;6;0;43;9;4;4;0;4;0;0;0;0;0;0
22;2;1;22;2160;0;656;89;168;73;2;66;5;23;12;11;27;0
11;1;0;11;61;0;166;40;20;19;0;19;0;1;0;0;1;0
3;1;1;3;3;0;5;0;3;3;0;0;0;0;0;0;0;0
3;1;2;3;0;0;140;15;28;13;1;12;0;1;0;0;6;0
4;1;0;4;21;0;90;10;26;7;0;6;1;0;0;0;0;0
4;1;0;4;6;0;46;6;4;4;0;4;0;0;0;0;0;0
5;1;3;5;36;0;126;17;27;16;0;14;2;6;0;5;9;0
4;1;8;4;0;5;134;20;32;16;6;10;0;2;0;0;7;0
0;1;0;0;0;0;5;0;1;1;0;1;0;1;0;0;1;0
13;3;1;13;29;0;191;50;41;14;1;10;3;1;0;0;4;0
3;1;0;3;1;0;11;4;2;2;0;2;0;0;0;0;0;0
2;1;0;2;1;0;14;1;3;3;0;3;0;0;2;0;0;0
4;2;3;4;21;0;47;7;11;7;0;7;0;0;0;0;0;0
4;1;0;4;10;0;36;10;5;5;0;5;0;0;0;0;0;0
3;1;2;3;3;0;146;8;34;3;0;3;0;0;0;0;0;0
16;2;37;16;2048;4;694;104;177;72;10;60;2;9;0;8;20;1
36;2;4;36;7140;1;1396;202;302;132;19;111;2;14;1;10;49;1
8;2;7;8;649;0;565;73;146;54;0;47;5;1;2;0;5;1
6;2;33;6;614;0;403;50;104;45;0;39;5;1;1;0;7;1
13;3;3;13;83;0;218;31;37;19;0;15;4;1;0;0;10;1
51;2;12;51;23250;2;2159;366;619;225;13;203;9;9;1;8;51;1
8;1;4;8;61;0;178;39;44;22;0;21;1;1;0;0;4;1
5;2;2;5;135;0;199;27;45;22;0;20;2;1;0;0;7;1
23;2;2;23;84;0;295;73;63;24;0;21;3;1;0;0;9;1
39;2;18;39;1405;8;713;146;165;59;12;47;0;1;0;0;13;1
11;2;1;11;0;0;340;43;90;45;0;44;1;0;1;0;6;1
5;1;4;5;0;0;225;51;57;22;0;22;0;1;0;0;4;1
3;2;3;3;0;0;37;2;10;6;0;6;0;0;0;0;1;1
2;1;0;2;0;0;7;2;1;1;0;1;0;0;0;0;0;1
35;1;12;35;1653;0;1318;94;344;58;0;57;1;0;0;0;0;1
0;1;0;0;3;0;21;5;5;3;0;3;0;0;0;0;0;1
0;1;0;0;3;0;19;4;5;3;0;3;0;0;0;0;0;1
11;1;4;11;0;0;319;27;72;11;5;6;0;1;0;0;6;1
7;3;1;7;316;0;310;25;92;33;0;30;3;0;0;0;4;1
9;1;0;9;15;0;83;27;6;6;0;6;0;0;0;0;0;1
44;2;38;44;25564;0;2492;323;681;236;15;211;10;6;1;5;57;1
2;1;2;2;1;0;8;1;2;2;0;2;0;0;0;0;0;1
19;4;3;19;0;0;260;41;62;12;2;8;2;1;0;0;3;1
13;1;0;13;55;0;165;29;11;11;0;11;0;0;0;0;0;1
3;1;1;3;0;0;66;4;18;10;0;10;0;0;0;0;3;1
4;2;2;4;52;0;271;29;62;25;0;22;3;3;0;2;5;1
5;1;11;5;208;0;248;52;61;21;0;20;1;1;0;0;1;1
4;2;4;4;3;0;49;4;3;3;0;0;1;2;0;0;1;1
7;1;0;7;0;0;36;18;8;2;0;0;0;3;0;0;3;1
21;2;4;21;81;0;1352;51;55;15;0;1;12;13;0;0;10;1
9;1;0;9;28;0;41;2;8;8;0;6;0;1;0;0;7;1
28;1;5;28;1116;0;737;182;242;52;0;3;46;21;0;0;6;1
2;2;0;2;1;0;16;5;3;3;0;1;0;1;0;0;2;1
1;2;0;1;4;0;23;0;5;5;0;4;0;3;0;0;3;1
3;1;0;3;6;0;18;7;6;4;0;4;0;0;0;0;0;1
3;1;0;3;6;0;16;7;6;4;0;4;0;0;0;0;0;1
6;2;0;6;0;0;30;6;6;2;0;1;0;1;0;0;1;1
14;1;0;14;10;0;90;48;28;8;0;0;0;0;0;0;0;1
3;1;0;3;4;0;35;12;7;5;0;0;1;1;0;0;0;1
7;1;1;7;0;0;259;1;2;2;0;1;0;4;0;2;2;1
0;1;5;0;3;0;5;0;3;3;0;0;0;0;0;0;0;1
2;1;0;2;0;0;12;2;3;1;0;0;0;0;0;0;0;1
16;1;0;16;37;0;238;30;21;10;0;6;4;3;0;0;3;1
0;1;0;0;0;0;1;0;0;0;0;0;0;0;0;0;0;1
12;1;3;12;1;0;579;3;4;3;0;1;1;6;0;0;6;1
4;1;0;4;0;0;39;9;14;5;0;1;0;1;0;0;2;1
35;2;10;35;1202;0;610;165;210;52;0;0;10;23;0;0;10;1
0;1;0;0;0;0;11;0;0;0;0;0;0;0;0;0;0;1
3;1;0;3;0;0;8;0;1;1;0;0;0;2;0;0;0;1
6;1;0;6;1;0;20;3;5;3;0;2;0;2;0;0;2;1
1;1;0;1;0;0;8;0;1;1;0;0;0;2;0;2;0;1
1;1;0;1;0;0;15;2;4;3;0;2;1;2;0;0;2;1
9;2;14;9;0;0;43;7;9;5;0;1;1;3;0;0;4;1
7;2;0;7;1;0;44;27;19;2;0;2;0;0;0;0;0;1
1;1;0;1;10;0;17;0;5;5;0;5;0;0;0;0;0;1
3;2;0;3;20;0;35;5;9;8;0;0;0;1;0;0;4;1
24;2;0;24;181;0;342;130;97;22;0;3;16;7;0;0;11;1
0;1;0;0;0;0;1;0;0;0;0;0;0;0;0;0;0;1
3;2;1;3;15;0;128;26;50;6;0;0;5;0;0;0;0;1
1;1;0;1;0;0;3;0;1;1;0;0;0;0;0;0;0;1
3;1;0;3;1;0;25;0;2;2;0;1;0;0;0;0;1;1
14;2;1;14;1;0;69;19;14;3;0;2;1;3;0;0;3;1
22;3;3;22;60;0;389;54;42;12;0;6;6;2;0;0;6;1
5;1;0;5;0;0;32;2;9;3;0;0;0;4;0;0;0;1
2;1;0;2;0;0;9;1;2;2;0;2;0;1;0;0;0;1
7;1;0;7;0;0;60;21;23;2;0;2;0;1;0;0;1;1
5;1;0;5;0;0;27;20;5;3;0;1;1;2;0;0;0;1
3;1;0;3;0;0;5;0;1;1;0;1;0;0;0;0;0;1
20;2;5;20;0;0;522;25;13;8;0;1;2;3;0;0;3;1
2;1;0;2;0;0;8;0;1;1;0;0;0;2;0;0;0;1
6;2;0;6;0;0;12;3;2;1;0;1;0;1;0;0;0;1
1;1;0;1;0;0;2;0;0;0;0;0;0;0;0;0;0;1
5;1;0;5;1;0;64;17;28;2;0;2;0;0;0;0;0;1
2;1;0;2;0;0;23;1;5;2;0;0;1;0;0;0;0;1
17;3;11;17;359;4;275;67;74;30;0;17;1;7;0;0;10;1
4;2;0;4;1;0;15;8;3;2;0;1;0;0;0;0;0;1
4;1;12;4;831;5;232;34;86;42;0;0;0;0;0;0;2;1
6;1;0;6;0;0;26;5;11;4;0;4;0;0;0;0;0;1
0;1;0;0;0;0;3;0;0;0;0;0;0;0;0;0;0;1
10;1;9;10;6;0;153;30;26;13;0;10;3;2;0;0;4;1
1;1;0;1;0;0;5;0;1;1;0;1;0;0;0;0;0;1
3;2;0;3;0;0;11;1;3;1;0;1;0;0;0;0;0;1
25;4;18;25;232;0;321;90;72;28;0;8;10;8;0;0;11;1
3;1;0;3;0;0;16;4;3;3;0;0;0;2;0;0;2;1
1;1;0;1;0;0;5;7;1;1;0;1;0;0;0;0;0;1
4;2;0;4;0;0;14;8;6;1;0;1;0;0;0;0;0;1
2;1;0;2;0;0;8;0;1;1;0;1;0;2;0;2;0;1
3;2;0;3;0;0;13;4;3;1;1;0;0;0;0;0;0;1
3;1;0;3;0;0;9;1;3;2;0;1;0;1;0;0;0;1
19;2;1;19;48;0;299;77;101;13;0;5;7;2;0;0;3;1
2;1;0;2;0;0;24;7;9;1;0;1;0;0;0;0;0;1
2;1;0;2;3;0;16;2;5;3;0;3;0;0;0;0;0;1
9;2;2;9;977;0;1355;184;516;46;0;0;43;5;0;0;3;1
2;1;0;2;6;0;6;0;4;4;0;0;0;0;0;0;0;1
30;1;2;30;39;0;228;79;32;11;0;2;9;6;0;1;5;1
11;1;2;11;114;0;245;85;60;17;0;0;14;3;0;0;3;1
6;2;0;6;0;0;5;0;1;1;0;1;0;0;0;0;0;1
3;1;0;3;22;0;47;1;11;8;0;1;0;2;0;0;5;1
0;1;0;0;0;0;1;0;0;0;0;0;0;0;0;0;0;1
3;1;0;3;0;0;26;2;8;6;0;0;0;0;2;0;0;1
8;1;0;8;0;0;33;15;16;3;0;3;0;1;0;0;1;1
19;2;0;19;159;0;528;109;200;19;0;1;10;0;0;0;2;1
0;1;0;0;0;0;1;0;0;0;0;0;0;0;0;0;0;1
2;1;0;2;4;0;11;0;4;4;0;3;0;2;0;0;0;1
2;5;0;2;3;0;87;0;3;3;0;0;0;0;0;0;0;1
3;1;0;3;3;0;9;0;3;3;0;3;0;0;0;0;0;1
7;2;1;7;197;0;462;96;136;22;0;1;20;4;0;0;4;1
8;2;0;8;0;0;24;15;15;2;0;2;0;0;0;0;0;1
1;1;0;1;0;0;5;0;1;1;0;1;0;0;0;0;0;1
2;1;0;2;1;0;4;0;2;2;0;0;0;0;0;0;0;1
2;1;0;2;0;0;9;2;2;2;0;2;0;1;0;0;0;1
0;1;0;0;0;0;4;0;0;0;0;0;0;0;0;0;0;1
11;2;0;11;21;0;81;49;29;7;0;0;1;0;0;0;0;1
1;1;0;1;0;0;6;0;1;1;0;0;0;1;0;0;0;1
3;2;0;3;0;0;19;2;5;5;0;4;0;1;0;0;1;1
3;1;0;3;0;0;28;5;7;5;0;5;0;2;0;0;0;1
3;1;0;3;0;0;6;6;2;1;0;1;0;0;0;0;0;1
4;1;0;4;0;0;31;14;10;4;0;0;0;3;0;0;3;1
6;2;0;6;0;0;5;0;1;1;0;1;0;0;0;0;0;1
3;1;0;3;1;0;4;0;2;2;0;0;0;0;0;0;0;1
8;4;2;8;0;0;140;48;40;5;0;2;1;8;0;0;6;1
21;1;0;21;44;0;409;125;169;13;0;5;4;0;0;0;2;1
12;4;6;12;22;0;90;31;25;8;0;3;0;2;0;0;3;1
5;2;0;5;0;0;26;7;7;1;0;1;0;0;0;0;0;1
1;1;0;1;0;0;11;0;0;0;0;0;0;0;0;0;0;1
3;1;0;3;0;0;3;0;1;1;0;0;0;0;0;0;0;1
1;1;0;1;6;0;6;0;4;4;0;0;0;0;0;0;0;1
4;1;0;4;0;0;19;6;6;5;0;5;0;1;0;0;0;1
0;1;0;0;0;0;1;0;0;0;0;0;0;0;0;0;0;1
11;1;0;11;44;0;70;4;13;12;0;12;0;1;0;0;10;1
2;1;0;2;10;0;7;0;5;5;0;0;0;0;0;0;0;1
0;1;0;0;0;0;6;0;1;1;0;0;1;2;0;0;0;1
3;1;0;3;0;0;4;0;1;1;0;1;0;0;0;0;0;1
4;2;0;4;0;0;24;14;6;5;0;0;1;4;0;0;4;1
0;1;0;0;0;0;8;0;1;1;0;0;1;2;0;0;1;1
15;2;0;15;0;0;205;44;62;15;0;2;12;12;0;0;12;1
1;1;0;1;0;0;3;0;1;1;0;0;0;0;0;0;0;1
2;1;0;2;0;0;6;0;0;0;0;0;0;0;0;0;0;1
1;1;0;1;0;0;12;0;1;1;0;0;0;0;0;0;0;1
4;1;0;4;3;0;54;13;13;7;0;5;1;6;0;0;6;1
2;1;0;2;0;0;9;1;2;2;0;1;1;1;0;0;1;1
1;1;2;1;3;0;336;4;105;3;0;2;1;0;0;0;0;1
4;1;0;4;0;0;25;6;8;6;0;5;0;2;0;0;2;1
16;1;0;16;2119;0;707;96;247;71;0;6;21;2;0;0;16;1
44;2;103;44;51667;0;4133;429;1758;322;0;132;18;23;0;0;17;1
8;2;0;8;1;0;43;17;19;3;0;1;1;1;0;0;1;1
0;1;0;0;0;0;1;0;0;0;0;0;0;0;0;0;0;1
6;2;0;6;1;0;17;10;3;2;0;1;0;0;0;0;0;1
3;2;0;3;1;0;15;3;4;2;0;2;0;2;0;0;0;1
3;1;0;3;0;0;18;2;4;3;0;2;0;2;0;0;0;1
11;2;8;11;89;0;214;40;44;15;0;7;7;3;0;0;5;1
5;1;0;5;15;0;49;8;17;10;0;8;2;0;0;0;1;1
8;1;0;8;8;0;32;16;13;5;0;4;0;2;0;0;2;1
0;1;0;0;0;0;4;1;1;1;0;0;0;0;0;0;0;1
4;2;0;4;0;0;10;7;5;1;0;1;0;0;0;0;0;1
6;1;0;6;1;0;17;7;5;3;0;2;0;2;0;0;0;1
11;1;0;11;15;0;197;49;61;11;0;4;7;3;0;0;10;1
10;1;0;10;53;0;48;5;11;11;0;7;1;0;0;0;4;1
6;3;0;6;3;0;30;12;10;3;0;2;1;2;0;0;0;1
5;3;0;5;3;0;27;9;8;3;0;2;1;2;0;0;0;1
2;1;0;2;0;0;20;2;5;3;0;2;1;2;0;0;2;1
7;1;0;7;0;0;89;9;34;13;0;4;1;2;0;0;2;1
19;1;0;19;71;0;252;72;101;14;0;4;10;1;0;0;1;1
17;2;3;17;69;0;302;43;80;14;0;0;5;3;0;0;3;1
3;1;0;3;0;0;21;1;6;4;0;3;0;2;0;0;1;1
4;1;0;4;1;0;11;0;2;2;0;0;0;2;0;0;0;1
0;1;0;0;0;0;5;0;1;1;0;1;0;0;0;0;0;1
0;1;0;0;0;0;2;0;0;0;0;0;0;0;0;0;0;1
1;1;0;1;0;0;5;0;1;1;0;1;0;0;0;0;0;1
1;1;0;1;0;0;5;0;1;1;0;1;0;0;0;0;0;1
1;1;0;1;0;0;5;1;1;1;0;1;0;0;0;0;0;1
2;1;0;2;1;0;23;5;6;6;0;4;0;1;0;0;2;1
5;1;0;5;28;0;10;0;8;8;0;0;0;0;0;0;0;1
4;1;0;4;2;0;24;1;5;5;0;4;0;4;0;0;4;1
23;2;22;23;281;0;1554;48;51;26;0;7;8;11;0;0;14;1
4;2;0;4;0;0;20;5;4;4;0;1;1;1;0;0;2;1
6;1;0;6;0;0;97;32;27;9;0;4;2;3;0;0;1;1
16;2;4;16;65;0;244;50;66;15;0;4;4;7;0;0;6;1
4;1;0;4;4;0;25;0;6;5;0;0;1;0;0;0;3;1
1;3;0;1;0;0;10;0;2;2;0;1;0;1;0;0;1;1
4;1;0;4;0;0;24;7;5;5;0;4;0;3;0;0;3;1
17;2;0;17;54;0;653;139;256;13;0;2;11;6;0;0;6;1
6;2;0;6;0;0;5;0;1;1;0;1;0;0;0;0;0;1
0;1;0;0;0;0;18;0;4;4;0;0;0;3;0;0;3;1
20;4;6;20;14;0;539;38;24;8;0;2;4;19;0;0;9;1
2;1;0;2;0;0;8;8;4;1;0;1;0;0;0;0;0;1
7;2;0;7;3;0;47;26;14;3;0;1;2;0;0;0;0;1
0;1;0;0;0;0;2;0;0;0;0;0;0;0;0;0;0;1
7;2;1;7;453;0;924;139;273;31;0;0;29;2;0;0;2;1
22;4;6;22;72;0;407;59;63;16;0;10;6;2;0;0;8;1
9;1;0;9;5;0;29;3;7;6;0;0;1;1;0;0;5;1
1;1;0;1;0;0;4;0;2;1;0;1;0;0;0;0;0;1
2;1;0;2;0;0;10;2;4;1;0;0;0;0;0;0;0;1
2;1;0;2;0;0;9;3;2;2;0;1;0;1;0;0;0;1
18;10;7;18;0;0;249;23;11;4;0;2;1;2;0;0;2;1
4;1;0;4;0;0;5;3;1;1;0;1;0;0;0;0;0;1
0;1;0;0;0;0;1;0;0;0;0;0;0;0;0;0;0;1
1;1;0;1;0;0;5;1;1;1;0;0;0;0;0;0;0;1
1;1;0;1;0;0;5;1;1;1;0;0;0;0;0;0;0;1
36;2;3;36;291;0;934;206;132;26;11;5;10;5;0;2;7;1
5;3;0;5;0;0;52;8;14;5;0;0;1;1;0;0;3;1
17;2;0;17;21;0;135;63;46;7;0;0;3;0;0;0;0;1
1;1;0;1;0;0;7;2;2;1;0;1;0;0;0;0;0;1
13;2;3;13;43;0;234;33;60;11;0;0;4;2;0;0;2;1
1;1;0;1;0;0;7;2;2;1;0;1;0;0;0;0;0;1
8;1;0;8;1;0;44;27;10;2;0;1;1;1;0;0;1;1
1;1;0;1;1;0;14;0;4;3;0;0;0;1;0;0;1;1
4;1;0;4;0;0;14;2;3;3;0;0;0;2;0;0;2;1
5;2;0;5;0;0;33;8;8;3;1;1;1;1;0;0;2;1
49;6;9;49;143;0;1927;115;67;23;0;5;9;22;0;0;22;1
0;1;0;0;0;0;7;0;1;1;0;0;0;1;0;0;0;1
22;3;4;22;153;0;1404;96;129;23;0;12;10;17;0;2;15;1
1;1;0;1;0;0;8;0;1;1;0;1;0;2;0;0;2;1
8;3;0;8;1;0;98;2;2;2;0;1;0;2;0;0;3;1
8;2;0;8;3;0;38;20;24;3;0;1;2;0;0;0;0;1
24;1;4;24;45;0;301;71;57;18;0;5;8;16;0;0;7;1
7;1;0;7;15;0;41;13;11;7;0;7;0;1;0;0;1;1
12;6;1;12;1;0;473;9;7;2;0;0;2;0;0;0;0;1
2;1;0;2;0;0;19;6;7;1;0;1;0;0;0;0;0;1
3;1;0;3;1;0;20;7;9;2;0;1;1;0;0;0;0;1
10;1;0;10;30;0;84;13;24;12;0;10;2;0;0;0;8;1
6;3;0;6;3;0;26;5;7;3;0;2;1;2;0;0;0;1
10;1;0;10;0;0;73;22;19;7;4;2;0;3;1;0;5;1
5;2;0;5;0;0;22;15;14;2;0;1;0;2;0;0;2;1
6;1;0;6;3;0;82;19;20;11;0;6;4;6;0;0;5;1
8;2;2;8;0;0;59;14;7;3;0;1;1;3;0;0;3;1
2;1;0;2;0;0;4;0;1;1;0;1;0;0;0;0;0;1
2;1;0;2;0;0;4;0;1;1;0;1;0;0;0;0;0;1
2;1;0;2;0;0;4;0;1;1;0;1;0;0;0;0;0;1
4;1;0;4;0;0;9;5;2;1;0;1;0;0;0;0;0;1
4;1;0;4;0;0;9;5;2;1;0;1;0;0;0;0;0;1
2;2;0;2;4;0;15;0;4;4;0;3;1;1;0;0;1;1
0;1;0;0;0;0;4;0;0;0;0;0;0;0;0;0;0;1
1;1;0;1;0;0;3;0;1;1;0;0;0;0;0;0;0;1
6;1;0;6;15;0;40;3;9;7;0;2;0;1;0;0;6;1
2;1;0;2;0;0;5;0;1;1;0;1;0;0;0;0;0;1
10;1;0;10;91;0;41;12;16;14;0;14;0;0;0;0;0;1
6;1;0;6;1;0;27;6;6;3;0;2;1;4;0;0;0;1
2;1;0;2;3;0;12;6;4;3;1;0;0;0;0;0;0;1
2;1;0;2;0;0;10;1;1;1;0;0;0;3;0;0;3;1
6;2;0;6;0;0;5;0;1;1;0;1;0;0;0;0;0;1
2;1;0;2;1;0;4;0;2;2;0;0;0;0;0;0;0;1
6;1;0;6;7;0;31;2;6;6;0;5;1;0;0;0;4;1
0;1;6;0;0;0;8;0;1;1;0;1;0;2;0;2;0;1
3;1;0;3;0;0;5;1;1;1;0;1;0;0;0;0;0;1
2;1;0;2;0;0;43;0;1;1;0;1;0;0;0;0;0;1
1;1;0;1;0;0;8;0;1;1;0;0;1;2;0;0;2;1
2;1;0;2;0;0;58;2;18;10;0;10;0;7;0;6;2;1
2;1;0;2;0;0;39;8;10;7;0;2;0;1;0;0;3;1
2;1;0;2;0;0;8;0;1;1;0;0;0;2;0;0;0;1
2;1;0;2;1;0;6;0;2;2;0;0;0;0;0;0;0;1
9;1;0;9;4;0;97;19;28;8;0;0;6;2;0;0;8;1
1;1;0;1;1;0;13;2;3;2;0;2;0;0;0;0;0;1
4;1;0;4;0;0;5;2;2;1;0;1;0;0;0;0;0;1
15;2;0;15;264;0;140;17;35;25;0;20;2;0;0;0;14;1
4;1;0;4;0;0;16;5;3;3;0;2;0;2;0;0;2;1
7;2;0;7;58;0;60;6;30;13;1;10;1;2;0;0;2;1
3;1;0;3;0;0;13;4;3;1;0;1;0;0;0;0;0;1
28;1;3;28;2988;0;2011;267;579;93;0;8;79;18;0;1;21;1
19;2;5;19;390;0;260;65;86;29;0;23;6;14;0;0;12;1
0;1;0;0;10;0;7;0;5;5;0;0;0;0;0;0;0;1
6;1;0;6;2;0;41;11;9;4;1;3;0;3;0;0;4;1
2;1;0;2;0;0;9;0;2;2;0;1;0;1;0;0;1;1
3;1;0;3;1;0;48;17;8;2;0;2;0;0;0;0;0;1
5;1;0;5;0;0;19;8;8;1;0;1;0;0;0;0;0;1
8;1;0;8;0;0;38;15;12;1;0;1;0;0;0;0;0;1
62;2;3;62;2955;0;1804;390;579;90;0;0;81;15;0;0;14;1
0;1;0;0;0;0;1;0;0;0;0;0;0;0;0;0;0;1
4;5;0;4;1;0;8;2;3;2;0;1;1;0;0;0;0;1
11;3;0;11;211;0;181;43;59;22;0;0;3;1;0;0;1;1
6;1;1;6;0;0;134;1;3;3;0;1;0;4;0;0;4;1
3;2;0;3;1;0;8;2;2;2;1;0;0;0;0;0;0;1
0;1;0;0;0;0;1;0;0;0;0;0;0;0;0;0;0;1
33;1;4;33;2503;0;2764;173;444;78;0;1;35;33;0;0;21;1
3;1;0;3;0;0;10;0;1;1;0;0;0;2;0;0;3;1
4;1;0;4;0;0;3;0;1;1;0;0;0;0;0;0;0;1
4;1;0;4;0;0;5;0;2;1;0;1;0;0;0;0;0;1
2;1;0;2;1;0;4;0;2;2;0;0;0;0;0;0;0;1
4;1;0;4;1;0;8;0;2;2;0;2;0;0;0;0;0;1
4;1;0;4;3;0;11;1;3;3;1;2;0;0;0;0;0;1
4;1;0;4;1;0;9;3;4;2;1;1;0;0;0;0;0;1
4;1;0;4;0;0;5;2;2;1;0;1;0;0;0;0;0;1
2;1;0;2;0;0;26;7;7;7;0;5;2;1;0;0;1;1
4;2;0;4;6;0;73;32;20;4;0;2;2;0;0;0;0;1
39;1;152;39;10481;6;720;125;262;147;1;129;1;3;1;0;7;1
14;2;0;14;26;0;51;21;16;8;1;6;0;0;0;0;0;1
13;1;50;13;590;0;558;74;107;41;0;29;8;5;0;0;12;1
0;1;0;0;0;0;1;0;0;0;0;0;0;0;0;0;0;1
14;1;0;14;0;0;46;13;2;1;0;0;0;21;0;0;21;1
2;1;0;2;0;0;8;0;1;1;0;1;0;0;0;0;0;1
0;1;0;0;2;0;16;0;4;4;0;2;0;2;0;0;2;1
1;1;0;1;0;0;5;0;1;1;0;1;0;0;0;0;0;1
19;2;28;19;587;0;524;55;107;42;1;33;2;2;0;0;4;1
1;1;0;1;0;0;10;0;1;1;0;1;0;3;0;0;0;1
10;2;0;10;41;0;129;31;41;14;2;1;3;8;4;0;7;1
2;2;0;2;3;0;12;3;3;3;0;0;0;1;0;0;1;1
46;1;0;46;883;0;1238;378;462;62;0;2;36;3;0;0;2;1
1;1;0;1;13;0;21;0;6;6;0;5;0;1;0;0;1;1
50;1;6;50;3011;0;1984;438;693;95;0;6;82;58;0;4;16;1
2;1;0;2;0;0;16;4;4;1;1;0;0;0;0;0;1;1
1;1;0;1;0;0;18;2;5;4;0;2;0;2;0;0;0;1
1;1;0;1;0;0;3;0;0;0;0;0;0;1;0;0;0;1
3;1;0;3;3;0;14;0;3;3;0;0;0;1;0;0;2;1
100;1;0;100;8001;0;1551;364;431;127;0;2;23;0;0;0;0;1
3;1;0;3;0;0;10;9;2;1;0;1;0;0;0;0;0;1
6;1;0;6;0;0;12;5;3;2;0;1;0;2;0;0;0;1
17;4;10;17;23;2;301;17;34;10;4;3;1;3;0;0;2;1
5;2;0;5;0;0;13;0;2;2;0;1;0;3;0;0;3;1
5;2;0;5;3;0;46;19;15;3;0;2;1;2;0;0;0;1
18;2;0;18;392;0;582;143;173;29;0;1;28;1;0;0;2;1
18;4;0;18;151;0;488;91;71;18;0;1;14;2;0;0;0;1
12;1;0;12;34;0;245;82;63;9;0;1;8;1;0;0;1;1
2;1;0;2;0;0;4;0;0;0;0;0;0;0;0;0;0;1
4;1;0;4;3;0;26;5;6;3;0;2;1;2;0;0;0;1
3;1;0;3;0;0;5;1;1;1;0;1;0;0;0;0;0;1
2;1;0;2;0;0;12;5;4;1;0;1;0;1;0;0;0;1
30;3;3;30;393;0;741;185;196;38;0;0;18;16;0;0;28;1
0;1;0;0;0;0;7;0;1;1;0;0;0;3;0;0;3;1
0;1;0;0;0;0;1;0;0;0;0;0;0;0;0;0;0;1
1;1;0;1;0;0;7;4;2;1;0;1;0;0;0;0;0;1
2;1;0;2;0;0;5;1;1;1;0;0;1;1;0;0;1;1
2;2;0;2;0;0;14;3;3;3;0;0;0;2;0;0;2;1
2;1;0;2;8;0;16;0;5;5;0;4;1;1;0;0;0;1
4;1;0;4;0;0;15;0;2;2;0;1;0;4;0;0;0;1
7;1;0;7;0;0;77;16;17;5;0;5;0;4;0;0;9;1
3;1;0;3;0;0;42;10;10;3;0;0;0;4;0;0;4;1
0;1;0;0;0;0;5;0;0;0;0;0;0;0;0;3;0;1
43;7;0;43;23;0;375;66;42;11;1;0;6;8;0;0;116;1
3;1;0;3;0;0;15;1;2;2;0;0;1;4;0;0;4;1
6;1;0;6;34;0;43;2;9;9;0;0;0;1;0;0;6;1
10;1;0;10;151;0;324;87;93;19;0;2;15;4;0;0;4;1
4;1;0;4;6;0;8;0;4;4;0;4;0;0;0;0;0;1
5;2;0;5;0;0;28;14;7;3;0;2;0;1;0;0;1;1
8;2;0;8;3;0;62;30;25;3;0;0;0;0;0;0;0;1
2;1;0;2;0;0;11;5;2;1;0;0;0;3;0;0;0;1
17;2;3;17;1;0;442;102;146;23;0;2;18;22;0;0;5;1
8;1;0;8;32;0;52;5;9;9;0;0;2;2;0;0;10;1
3;2;0;3;1;0;8;2;2;2;1;1;0;0;0;0;0;1
6;2;0;6;0;0;5;0;1;1;0;1;0;0;0;0;0;1
5;1;56;5;8128;0;737;65;259;128;0;122;6;0;0;0;0;1
1;1;0;1;0;0;14;2;4;1;0;0;1;0;0;0;0;1
2;1;0;2;0;0;3;0;1;1;0;0;0;0;0;0;0;1
11;1;0;11;45;0;48;10;15;10;1;9;0;0;0;0;0;1
6;2;0;6;0;0;28;7;7;2;0;1;0;1;0;0;1;1
0;1;0;0;0;0;3;0;0;0;0;0;0;0;0;0;0;1
2;1;0;2;0;0;11;2;2;1;0;1;0;0;0;0;0;1
0;1;0;0;6;0;14;1;4;4;0;4;0;0;0;0;0;1
23;1;13;23;214;0;553;99;127;25;0;1;17;14;0;0;15;1
0;1;0;0;0;0;1;0;0;0;0;0;0;0;0;0;0;1
0;1;0;0;1;0;18;8;6;2;0;2;0;0;0;0;0;1
14;3;3;14;12;0;535;37;26;9;0;3;4;5;0;1;4;1
4;1;0;4;0;0;30;10;11;6;0;5;1;3;0;0;3;1
3;2;0;3;0;0;20;2;6;5;0;4;0;1;0;0;0;1
2;1;0;2;1;0;4;0;2;2;0;0;0;0;0;0;0;1
0;1;0;0;0;0;1;0;0;0;0;0;0;0;0;0;0;1
0;1;0;0;0;0;6;1;1;1;0;1;0;0;0;0;1;1
10;1;0;10;0;0;15;18;1;1;0;0;0;5;0;0;0;1
2;1;0;2;0;0;20;1;6;4;0;3;0;0;0;0;1;1
10;1;1;10;0;0;80;28;41;4;0;2;1;2;0;0;2;1
5;1;0;5;0;0;26;5;11;4;0;0;0;2;0;0;3;1
5;2;0;5;55;0;35;1;11;11;1;10;0;0;0;0;0;1
3;1;0;3;0;0;14;4;4;1;0;1;0;0;0;0;0;1
0;1;0;0;0;0;1;0;0;0;0;0;0;0;0;0;0;1
2;2;0;2;0;0;16;3;4;3;0;1;0;1;0;0;2;1
5;1;0;5;9;0;25;4;6;6;0;4;1;3;0;0;3;1
3;1;0;3;0;0;11;5;2;2;0;1;0;2;0;0;0;1
0;1;0;0;0;0;1;0;0;0;0;0;0;0;0;0;0;1
3;1;0;3;1;0;26;2;2;2;0;1;0;1;0;0;1;1
3;1;0;3;10;0;18;0;5;5;0;4;0;1;0;0;1;1
4;2;0;4;0;0;28;12;8;5;0;0;1;3;0;0;3;1
7;2;0;7;3;0;37;5;7;3;0;3;0;2;0;0;2;1
6;2;0;6;1;0;9;4;4;2;0;1;0;0;0;0;0;1
0;1;0;0;0;0;2;0;0;0;0;0;0;0;0;0;0;1
23;1;0;23;90;0;367;111;118;16;0;1;13;0;0;0;1;1
6;2;1;6;36;0;209;48;66;9;0;0;5;0;0;0;0;1
5;1;0;5;10;0;13;1;5;5;0;2;0;0;0;0;0;1
33;7;358;33;42460;8;2196;161;752;344;0;315;20;33;0;29;14;1
0;1;0;0;0;0;9;1;2;2;0;1;0;1;0;0;0;1
22;2;405;22;1577;0;942;104;198;67;0;31;34;7;0;0;15;1
0;1;0;0;0;0;1;0;0;0;0;0;0;0;0;0;0;1
5;1;0;5;0;0;32;6;10;6;0;4;1;1;0;0;1;1
1;2;0;1;4;0;15;1;4;4;0;3;1;1;0;0;1;1
4;2;0;4;45;0;32;0;10;10;0;10;0;0;0;0;0;1
22;2;4;22;0;0;502;20;11;4;0;2;1;15;0;0;15;1
4;1;0;4;10;0;11;0;5;5;0;3;0;0;0;0;0;1
35;5;57;35;2911;1;936;212;266;83;0;58;13;7;0;0;16;1
134;4;239;134;25760;0;2625;545;642;249;12;117;42;29;1;2;73;1
3;1;0;3;0;0;5;2;3;1;0;1;0;0;0;0;0;1
15;5;4;15;756;0;729;92;255;41;0;5;28;6;0;0;11;1
16;1;6;16;1221;1;1919;216;592;58;7;1;36;14;0;0;14;1
13;1;0;13;12;0;189;44;45;8;0;0;6;4;0;0;6;1
4;1;0;4;0;0;17;7;3;2;0;0;0;2;0;0;2;1
0;1;0;0;0;0;1;0;0;0;0;0;0;0;0;0;0;1
4;2;0;4;0;0;21;4;5;3;0;1;0;2;0;0;2;1
2;1;0;2;1;0;4;0;2;2;0;0;0;0;0;0;0;1
9;2;0;9;0;0;58;19;15;3;0;2;0;3;0;0;3;1
1;1;0;1;0;0;5;2;1;1;0;1;0;0;0;0;0;1
2;1;0;2;0;0;5;1;1;1;0;1;0;0;0;0;0;1
10;3;2;10;0;0;149;23;30;16;0;15;1;4;0;0;4;1
11;1;3;11;568;0;419;75;127;41;23;3;12;15;0;0;20;1
15;3;1;15;55;0;165;28;44;11;0;4;7;0;0;0;0;1
17;2;4;17;64;0;246;30;60;17;0;8;5;4;0;0;4;1
22;4;1;22;75;0;196;58;52;14;2;3;9;2;0;0;7;1
1;1;0;1;1;0;4;0;2;2;0;0;0;0;0;0;0;1
8;1;2;8;15;0;46;13;11;7;0;4;3;0;0;0;1;1
7;3;4;7;31;3;156;29;34;11;3;8;0;6;0;0;9;1
2;1;0;2;0;0;5;0;1;1;0;1;0;0;0;0;0;1
13;4;1;13;19;0;123;21;25;7;1;4;2;5;0;0;5;1
1;1;0;1;0;0;24;2;6;4;0;3;0;2;0;0;2;1
6;2;12;6;0;8;118;19;23;3;1;2;0;5;0;0;5;1
6;2;4;6;0;0;30;9;8;5;0;5;0;0;0;0;1;1
8;3;3;8;4;0;179;16;41;4;1;2;1;4;0;0;4;1
7;1;3;7;36;0;787;60;205;48;0;40;8;7;0;0;8;1
7;2;0;7;0;0;27;4;5;3;0;3;0;3;0;0;3;1
3;3;1;3;10;0;30;10;6;5;1;4;0;1;0;0;1;1
0;1;0;0;0;0;3;0;0;0;0;0;0;0;0;0;0;1
7;1;0;7;0;0;13;5;2;1;1;0;0;0;0;0;0;1
5;1;0;5;0;0;10;2;2;1;1;0;0;0;0;0;0;1
7;1;0;7;0;0;13;5;2;1;1;0;0;0;0;0;0;1
3;1;0;3;0;0;5;2;1;1;1;0;0;0;0;0;0;1
12;5;1;12;24;0;157;37;44;12;3;6;3;6;0;0;6;1
2;1;0;2;0;0;5;0;1;1;0;1;0;0;0;0;0;1
15;1;4;15;24;0;511;30;118;17;0;13;4;6;0;0;6;1
8;1;3;8;81;1;83;10;22;14;4;9;1;2;0;0;2;1
4;1;0;4;0;0;18;3;4;4;1;3;0;2;0;0;2;1
13;4;4;13;12;0;188;25;44;13;0;12;1;5;0;0;15;1
16;1;7;16;9;0;113;20;17;7;0;6;1;2;0;0;2;1
16;2;35;16;0;0;564;39;145;66;2;64;0;2;0;0;3;1
2;1;0;2;0;0;48;0;1;1;1;0;0;0;0;0;0;1
1;4;0;1;0;0;10;0;2;2;0;1;0;2;0;0;2;1
15;1;13;15;180;2;195;56;47;25;8;17;0;1;5;0;5;1
7;1;3;7;0;1;69;11;21;12;1;11;0;1;0;0;2;1
10;1;3;10;102;0;339;20;94;32;0;30;2;1;0;0;9;1
2;1;0;2;0;0;16;0;1;1;0;0;0;6;0;0;6;1
1;1;0;1;0;0;3;0;1;1;0;0;0;0;0;0;0;1
11;3;3;11;303;0;462;40;109;47;2;43;2;5;0;1;4;1
9;1;9;9;3252;1;1697;80;507;113;16;95;2;22;4;8;14;1
4;1;0;4;0;0;11;3;2;1;0;1;0;0;0;0;0;1
13;7;2;13;0;0;1644;32;336;13;1;2;10;17;0;3;34;1
22;4;1;22;720;0;688;81;149;40;2;6;32;10;0;0;45;1
17;5;1;17;9;0;102;19;24;6;2;3;1;2;0;0;2;1
11;1;1;11;13;0;198;23;46;10;0;9;1;6;0;0;7;1
4;1;0;4;0;0;15;5;3;1;0;1;0;1;0;0;1;1
5;3;2;5;3;0;16;2;4;3;0;2;1;0;0;0;0;1
4;3;0;4;6;0;36;7;7;4;1;3;0;1;0;0;1;1
11;1;15;11;76;0;92;13;21;16;8;7;1;2;0;0;9;1
20;1;9;20;946;0;487;35;148;44;0;43;1;0;0;0;0;1
14;2;3;14;7;0;95;19;19;7;0;6;1;5;0;0;5;1
3;2;0;3;0;0;15;3;4;4;1;3;0;1;0;0;1;1
14;1;8;14;554;3;297;43;62;40;0;39;1;0;0;0;18;1
0;1;0;0;0;0;4;0;0;0;0;0;0;0;0;0;0;1
10;3;4;10;1;3;126;11;36;7;4;3;0;2;1;0;2;1
0;1;0;0;0;0;3;0;0;0;0;0;0;0;0;0;0;1
6;1;0;6;8;0;60;7;16;5;0;2;2;1;0;0;1;1
11;3;2;11;0;0;198;16;45;9;1;7;1;5;0;0;6;1
1;1;0;1;0;0;5;1;1;1;0;1;0;0;0;0;0;1
0;1;0;0;0;0;8;0;1;1;0;0;0;0;0;0;2;1
3;1;2;3;0;0;164;44;41;19;0;19;0;1;0;0;1;1
10;1;2;10;36;0;113;17;28;13;0;12;1;2;0;0;2;1
0;1;0;0;0;0;5;0;0;0;0;0;0;0;0;0;0;1
1;4;0;1;0;0;7;1;1;1;0;0;0;2;0;0;2;1
4;1;1;4;2;0;79;5;17;4;0;4;0;1;0;0;2;1
0;1;0;0;1;0;4;0;2;2;0;0;0;0;0;0;0;1
19;1;9;19;156;0;272;56;83;37;31;4;0;0;0;0;5;1
7;3;3;7;152;2;269;54;71;21;12;9;0;1;0;0;9;1
17;1;9;17;183;0;448;67;160;42;34;4;1;0;0;0;7;1
2;1;0;2;0;0;16;3;5;4;3;0;0;0;0;0;1;1
2;1;0;2;0;0;19;4;5;4;3;0;0;0;0;0;1;1
2;1;0;2;0;0;28;5;6;3;2;0;0;0;0;0;3;1
1;2;1;1;215;0;407;39;130;34;27;7;0;0;0;12;6;1
1;1;0;1;3;0;13;3;4;3;3;0;0;0;0;0;0;1
1;1;0;1;4;0;29;8;7;4;3;1;0;0;0;0;0;1
3;2;0;3;6;0;53;6;21;9;8;0;0;0;0;0;2;1
2;2;0;2;28;0;23;5;8;8;7;0;0;0;0;0;0;1
2;1;11;2;118;0;136;37;52;16;11;5;0;0;0;0;5;1
6;3;2;6;21;0;74;16;11;7;7;0;0;0;0;0;0;1
1;2;0;1;1;0;13;5;2;2;0;1;0;0;0;0;1;1
1;2;0;1;1;0;12;5;2;2;0;1;0;0;0;0;1;1
4;2;0;4;0;0;20;8;3;1;1;0;0;0;0;0;4;1
0;1;0;0;0;0;22;4;5;4;3;0;0;0;0;0;2;1
4;2;0;4;0;0;23;9;5;1;1;0;0;0;0;0;4;1
8;1;17;8;1643;0;579;105;170;58;53;4;0;0;0;4;6;1
12;3;1;12;136;0;111;14;17;17;17;0;0;14;0;16;0;1
3;1;0;3;6;0;14;3;4;4;3;0;0;1;0;0;0;1
1;1;0;1;1;0;12;1;3;3;2;0;0;0;0;0;1;1
4;2;2;4;1;0;68;12;27;3;3;0;0;0;0;0;1;1
4;1;1;4;105;0;198;36;61;15;14;1;0;0;0;0;0;1
1;1;0;1;0;0;21;3;5;3;2;0;0;0;0;0;2;1
22;1;25;22;27019;0;2548;192;870;243;234;9;0;0;0;5;3;1
3;1;0;3;0;0;20;7;4;3;2;0;0;0;0;0;4;1
0;1;0;0;0;0;4;0;0;0;0;0;0;0;0;0;0;1
6;1;1;6;1768;0;488;51;146;60;53;7;0;0;0;11;1;1
4;1;0;4;0;0;48;9;15;4;0;2;0;0;0;0;2;1
3;1;0;3;6;0;14;3;4;4;3;0;0;1;0;0;0;1
3;1;0;3;1;0;28;3;5;3;2;0;0;0;0;0;1;1
0;1;0;0;0;0;9;4;1;0;0;0;0;0;0;0;2;1
13;4;20;13;5273;0;1319;96;381;150;145;3;2;0;2;0;3;1
3;1;0;3;0;0;48;4;11;4;2;0;0;0;0;0;1;1
19;8;30;19;5848;18;961;84;211;113;23;0;87;0;0;7;22;1
22;1;36;22;64947;0;3099;290;1031;374;366;6;0;0;0;24;0;1
1;1;0;1;0;0;12;2;3;3;2;0;0;0;0;0;1;1
1;1;0;1;0;0;5;0;1;1;0;0;1;0;0;0;0;1
1;2;1;1;0;0;44;9;10;2;2;0;0;0;0;0;4;1
3;1;0;3;4;0;20;4;5;4;3;0;0;1;0;0;1;1
1;3;0;1;0;0;25;5;5;2;0;0;1;0;0;0;1;1
1;2;0;1;1;0;10;2;2;2;0;1;0;0;0;0;1;1
3;1;0;3;6;0;19;4;5;4;3;0;0;1;0;0;0;1
2;1;0;2;0;0;19;4;5;4;3;0;0;0;0;0;1;1
3;1;0;3;4;0;23;5;6;4;3;0;0;1;0;0;1;1
3;2;0;3;3;0;17;4;5;3;1;0;1;0;0;0;0;1
3;1;0;3;0;0;20;3;5;4;3;0;0;0;0;0;2;1
5;1;2;5;161;0;208;63;29;19;12;3;0;0;0;123;2;1
0;1;0;0;0;0;4;0;0;0;0;0;0;0;0;0;0;1
1;2;0;1;1;0;9;1;2;2;0;1;0;0;0;0;1;1
2;1;0;2;0;0;15;3;4;4;3;0;0;0;0;0;1;1
1;2;0;1;1;0;10;2;2;2;0;1;0;0;0;0;1;1
7;2;4;7;172;0;143;29;42;41;38;0;3;0;0;4;4;1
1;1;0;1;0;0;3;0;1;1;0;0;0;0;0;0;0;1
0;1;0;0;0;0;3;0;0;0;0;0;0;0;0;0;0;1
24;1;12;24;325;0;764;58;112;31;17;7;5;0;0;4;9;1
4;1;12;4;15;10;54;14;15;6;6;0;0;3;0;0;0;1
11;2;0;11;253;0;152;55;41;23;10;7;5;0;0;0;2;1
1;1;2;1;52;0;52;2;13;12;12;0;0;0;0;0;10;1
1;2;0;1;1;0;8;0;2;2;0;1;0;0;0;0;1;1
10;1;7;10;2199;0;745;74;278;67;62;5;0;0;0;21;0;1
6;1;5;6;5;0;71;8;17;11;1;8;2;0;0;0;4;1
1;1;2;1;3;0;21;5;6;3;0;2;1;0;0;0;0;1
4;3;1;4;24;0;52;7;9;9;0;8;1;0;0;0;0;1
2;1;1;2;6;0;52;9;10;5;0;4;1;0;0;0;2;1
18;1;11;18;145;0;140;47;38;18;0;15;3;0;0;0;2;1
1;1;3;1;15;0;35;10;13;6;0;1;1;0;0;0;0;1
14;2;1;14;45;0;68;20;10;10;0;9;1;0;0;0;0;1
2;1;1;2;0;0;5;6;1;1;0;1;0;0;0;0;0;1
11;4;2;11;21;2;47;8;8;7;0;7;0;0;0;0;0;1
21;2;5;21;620;0;198;46;55;36;0;30;5;0;0;0;4;1
7;1;2;7;1;0;14;7;4;2;0;2;0;0;0;0;1;1
6;1;3;6;37;0;116;28;39;11;0;2;9;0;0;0;2;1
11;2;2;11;10;0;48;30;10;5;0;1;4;0;0;0;1;1
4;1;9;4;3;0;104;25;33;3;0;1;0;0;0;0;1;1
30;2;61;30;997;1;209;48;65;58;0;57;1;0;0;6;0;1
6;2;0;6;36;0;78;6;9;9;0;9;0;0;0;0;0;1
3;1;3;3;0;0;45;9;14;10;0;10;0;0;0;0;2;1
2;1;1;2;0;0;15;3;6;4;0;4;0;0;0;0;1;1
11;2;1;11;36;0;56;28;9;9;0;9;0;0;0;0;0;1
11;1;10;11;5;0;87;24;23;14;0;12;2;0;0;0;2;1
42;1;4;42;231;0;198;62;49;22;0;19;3;0;0;0;1;1
16;2;2;16;231;0;174;35;24;22;0;20;2;0;0;0;0;1
7;1;0;7;0;0;36;6;5;5;0;5;0;0;0;0;2;1
1;1;0;1;15;0;65;8;6;6;0;6;0;0;0;0;0;1
4;1;1;4;0;0;49;2;2;1;0;1;0;0;0;0;2;1
3;1;2;3;15;0;64;26;22;6;0;3;3;0;0;0;0;1
1;1;5;1;0;0;23;3;8;5;0;4;1;0;0;0;2;1
5;2;1;5;6;0;23;10;4;4;0;3;1;0;0;0;0;1
12;2;0;12;0;0;103;26;19;19;0;19;0;0;0;0;3;1
12;1;2;12;21;0;80;39;23;7;0;1;6;0;0;0;0;1
11;1;0;11;0;0;42;10;12;11;0;10;0;0;0;0;1;1
8;2;0;8;0;0;18;6;1;1;0;1;0;0;0;0;1;1
13;2;3;13;45;2;87;41;17;10;1;1;8;0;0;0;1;1
5;2;0;5;0;0;30;4;6;6;0;6;0;0;0;0;2;1
11;2;1;11;43;0;93;34;14;14;0;14;0;0;0;0;2;1
6;1;55;6;45;0;12;0;10;10;0;0;0;0;0;0;0;1
7;1;0;7;3;0;21;11;4;3;0;3;0;0;0;0;0;1
41;1;34;41;3993;0;367;72;119;90;0;80;10;0;0;0;1;1
4;2;0;4;1;0;8;3;2;2;0;2;0;0;0;0;0;1
5;2;0;5;0;0;22;3;1;1;0;1;0;0;0;0;0;1
6;2;2;6;80;0;105;30;19;17;0;14;3;0;0;0;1;1
12;7;7;12;108;12;358;36;43;16;5;7;4;0;1;0;0;1
4;1;9;4;3;0;5;0;3;3;0;0;0;0;0;0;0;1
